6/1/2023 0:00,19.831099,78288
6/1/2023 1:00,17.712096,74464
6/1/2023 2:00,16.022629,71985
6/1/2023 3:00,15.288791,70579
6/1/2023 4:00,16.1185,70769
6/1/2023 5:00,18.468421,73591
6/1/2023 6:00,22.21966,78603
6/1/2023 7:00,23.503824,83127
6/1/2023 8:00,26.829324,86494
6/1/2023 9:00,31.138122,89807
6/1/2023 10:00,33.387451,93568
6/1/2023 11:00,38.731765,97676
6/1/2023 12:00,45.951865,101476
6/1/2023 13:00,49.871776,105462
6/1/2023 14:00,56.401679,109072
6/1/2023 15:00,62.244961,112128
6/1/2023 16:00,73.78463,114991
6/1/2023 17:00,82.357139,116221
6/1/2023 18:00,67.352798,115060
6/1/2023 19:00,54.731636,111747
6/1/2023 20:00,44.074088,108561
6/1/2023 21:00,38.558254,103880
6/1/2023 22:00,31.060384,96492
6/1/2023 23:00,28.219824,88905
6/2/2023 0:00,22.968456,81814
6/2/2023 1:00,20.096662,77332
6/2/2023 2:00,17.298754,74248
6/2/2023 3:00,15.307359,72422
6/2/2023 4:00,15.530198,72274
6/2/2023 5:00,18.192862,74658
6/2/2023 6:00,21.679112,79255
6/2/2023 7:00,22.586919,83641
6/2/2023 8:00,25.528716,88197
6/2/2023 9:00,27.363618,93087
6/2/2023 10:00,32.119406,98735
6/2/2023 11:00,35.99707,104520
6/2/2023 12:00,45.203279,110275
6/2/2023 13:00,50.277086,115822
6/2/2023 14:00,59.34832,120314
6/2/2023 15:00,70.154697,123950
6/2/2023 16:00,86.889887,126405
6/2/2023 17:00,87.024399,126479
6/2/2023 18:00,69.490933,123529
6/2/2023 19:00,51.795968,118673
6/2/2023 20:00,41.445637,114010
6/2/2023 21:00,34.013871,108633
6/2/2023 22:00,30.422154,101111
6/2/2023 23:00,25.259867,93254
6/3/2023 0:00,21.609352,84538
6/3/2023 1:00,18.802639,79536
6/3/2023 2:00,17.347035,75883
6/3/2023 3:00,15.260718,73403
6/3/2023 4:00,14.927697,71913
6/3/2023 5:00,14.72148,71969
6/3/2023 6:00,14.82522,72822
6/3/2023 7:00,15.708083,74976
6/3/2023 8:00,19.569858,79303
6/3/2023 9:00,23.926826,84216
6/3/2023 10:00,26.795266,88893
6/3/2023 11:00,31.349774,93213
6/3/2023 12:00,34.163694,96808
6/3/2023 13:00,36.848091,99636
6/3/2023 14:00,40.170917,101676
6/3/2023 15:00,43.05716,103086
6/3/2023 16:00,46.296689,104182
6/3/2023 17:00,47.031991,104171
6/3/2023 18:00,41.815508,102311
6/3/2023 19:00,36.31723,99101
6/3/2023 20:00,30.838154,96277
6/3/2023 21:00,28.75743,92758
6/3/2023 22:00,23.921327,87413
6/3/2023 23:00,19.64512,81614
6/4/2023 0:00,16.450712,74846
6/4/2023 1:00,14.806992,70995
6/4/2023 2:00,13.835648,68263
6/4/2023 3:00,12.036097,66415
6/4/2023 4:00,11.828752,65475
6/4/2023 5:00,11.409248,65413
6/4/2023 6:00,10.731163,65911
6/4/2023 7:00,12.278134,67382
6/4/2023 8:00,14.175717,70287
6/4/2023 9:00,15.770597,73633
6/4/2023 10:00,17.11596,76660
6/4/2023 11:00,18.986301,79618
6/4/2023 12:00,20.561082,82395
6/4/2023 13:00,22.227171,84915
6/4/2023 14:00,25.56612,87187
6/4/2023 15:00,28.605922,89726
6/4/2023 16:00,31.511121,92350
6/4/2023 17:00,34.156516,94247
6/4/2023 18:00,36.657124,93995
6/4/2023 19:00,33.73003,92490
6/4/2023 20:00,29.914992,90705
6/4/2023 21:00,28.308184,87764
6/4/2023 22:00,20.912652,82474
6/4/2023 23:00,17.20638,76792
6/5/2023 0:00,16.234236,71218
6/5/2023 1:00,14.705644,68099
6/5/2023 2:00,12.710243,66205
6/5/2023 3:00,13.109337,65351
6/5/2023 4:00,14.008153,65994
6/5/2023 5:00,17.210024,68957
6/5/2023 6:00,18.89307,73800
6/5/2023 7:00,20.300943,78155
6/5/2023 8:00,21.179795,80995
6/5/2023 9:00,22.598831,83314
6/5/2023 10:00,25.381967,85778
6/5/2023 11:00,27.249077,88295
6/5/2023 12:00,30.030224,90946
6/5/2023 13:00,31.686352,93773
6/5/2023 14:00,34.23375,96364
6/5/2023 15:00,38.493368,98795
6/5/2023 16:00,45.324657,101308
6/5/2023 17:00,49.175346,102867
6/5/2023 18:00,43.841071,102369
6/5/2023 19:00,38.638818,100111
6/5/2023 20:00,33.747508,97522
6/5/2023 21:00,31.401201,93901
6/5/2023 22:00,28.432604,87442
6/5/2023 23:00,20.839459,80574
6/6/2023 0:00,19.485179,74429
6/6/2023 1:00,17.403615,70786
6/6/2023 2:00,15.014837,68547
6/6/2023 3:00,13.457823,67294
6/6/2023 4:00,14.378658,67738
6/6/2023 5:00,16.497449,70552
6/6/2023 6:00,19.535523,75502
6/6/2023 7:00,20.669873,80010
6/6/2023 8:00,22.987235,83140
6/6/2023 9:00,25.10963,85793
6/6/2023 10:00,29.166956,88767
6/6/2023 11:00,31.375162,91852
6/6/2023 12:00,33.558907,95028
6/6/2023 13:00,37.002817,98225
6/6/2023 14:00,39.842684,100910
6/6/2023 15:00,44.922617,103363
6/6/2023 16:00,54.344296,105488
6/6/2023 17:00,63.349428,106434
6/6/2023 18:00,57.774435,105285
6/6/2023 19:00,49.324636,102563
6/6/2023 20:00,37.325289,99578
6/6/2023 21:00,32.681721,95809
6/6/2023 22:00,28.376184,89222
6/6/2023 23:00,23.885307,82244
6/7/2023 0:00,19.847117,74441
6/7/2023 1:00,17.477571,70850
6/7/2023 2:00,15.077999,68555
6/7/2023 3:00,13.909192,67339
6/7/2023 4:00,14.553929,67724
6/7/2023 5:00,17.362229,70468
6/7/2023 6:00,20.035165,75348
6/7/2023 7:00,19.940253,79711
6/7/2023 8:00,20.42093,82432
6/7/2023 9:00,22.607015,84403
6/7/2023 10:00,23.796813,86426
6/7/2023 11:00,25.015875,88311
6/7/2023 12:00,27.629482,90207
6/7/2023 13:00,29.294275,92403
6/7/2023 14:00,29.48814,94120
6/7/2023 15:00,32.276474,95728
6/7/2023 16:00,37.242273,97355
6/7/2023 17:00,40.573505,98273
6/7/2023 18:00,37.41902,97386
6/7/2023 19:00,30.675915,95141
6/7/2023 20:00,28.711931,92679
6/7/2023 21:00,27.702831,89744
6/7/2023 22:00,20.61816,83935
6/7/2023 23:00,18.358781,77702
6/8/2023 0:00,16.189231,71791
6/8/2023 1:00,15.443457,68596
6/8/2023 2:00,13.238254,66666
6/8/2023 3:00,12.574912,65732
6/8/2023 4:00,13.094751,66331
6/8/2023 5:00,16.330563,69180
6/8/2023 6:00,19.758622,74034
6/8/2023 7:00,20.168571,78293
6/8/2023 8:00,21.875197,80674
6/8/2023 9:00,22.435357,82138
6/8/2023 10:00,24.761466,83583
6/8/2023 11:00,25.339784,84969
6/8/2023 12:00,26.530988,86398
6/8/2023 13:00,30.04136,88085
6/8/2023 14:00,31.311103,89600
6/8/2023 15:00,32.602081,91081
6/8/2023 16:00,34.79133,92728
6/8/2023 17:00,35.737015,93824
6/8/2023 18:00,34.093295,93350
6/8/2023 19:00,33.185977,91568
6/8/2023 20:00,31.493424,89728
6/8/2023 21:00,30.287746,87505
6/8/2023 22:00,22.928338,82119
6/8/2023 23:00,18.872358,76250
6/9/2023 0:00,17.253324,70706
6/9/2023 1:00,15.85087,67655
6/9/2023 2:00,13.962928,65832
6/9/2023 3:00,13.166542,65003
6/9/2023 4:00,13.3262,65567
6/9/2023 5:00,16.666829,68355
6/9/2023 6:00,19.937915,72851
6/9/2023 7:00,20.393828,77092
6/9/2023 8:00,22.178512,79687
6/9/2023 9:00,22.672689,81401
6/9/2023 10:00,24.52112,83005
6/9/2023 11:00,26.336316,84412
6/9/2023 12:00,27.534115,85611
6/9/2023 13:00,29.417433,87086
6/9/2023 14:00,30.182679,88179
6/9/2023 15:00,32.536685,89127
6/9/2023 16:00,33.757766,90249
6/9/2023 17:00,34.548503,90823
6/9/2023 18:00,32.412875,89902
6/9/2023 19:00,30.880604,88018
6/9/2023 20:00,29.629278,86272
6/9/2023 21:00,28.78855,84426
6/9/2023 22:00,22.181308,79909
6/9/2023 23:00,18.92408,74494
6/10/2023 0:00,16.396944,70230
6/10/2023 1:00,14.799177,66871
6/10/2023 2:00,14.776862,64652
6/10/2023 3:00,12.704399,63315
6/10/2023 4:00,12.357925,62914
6/10/2023 5:00,12.524686,63524
6/10/2023 6:00,12.776689,64521
6/10/2023 7:00,14.91385,66906
6/10/2023 8:00,15.888444,70384
6/10/2023 9:00,16.96394,73828
6/10/2023 10:00,16.877586,76929
6/10/2023 11:00,19.663011,79760
6/10/2023 12:00,22.852291,82459
6/10/2023 13:00,23.727013,85086
6/10/2023 14:00,27.620699,87689
6/10/2023 15:00,31.048303,90427
6/10/2023 16:00,34.634851,93131
6/10/2023 17:00,36.118547,94711
6/10/2023 18:00,36.011449,94300
6/10/2023 19:00,32.450558,92186
6/10/2023 20:00,29.754734,90092
6/10/2023 21:00,27.850897,88024
6/10/2023 22:00,21.777804,83410
6/10/2023 23:00,17.498561,77909
6/11/2023 0:00,15.270628,72700
6/11/2023 1:00,11.925861,69036
6/11/2023 2:00,11.356333,66561
6/11/2023 3:00,10.786394,64787
6/11/2023 4:00,10.783894,63982
6/11/2023 5:00,10.39995,63940
6/11/2023 6:00,9.136429,64238
6/11/2023 7:00,9.632564,66316
6/11/2023 8:00,11.113186,70464
6/11/2023 9:00,13.769469,75074
6/11/2023 10:00,16.29992,79498
6/11/2023 11:00,19.114527,83814
6/11/2023 12:00,22.817283,87845
6/11/2023 13:00,25.894894,91397
6/11/2023 14:00,29.323357,94314
6/11/2023 15:00,32.719358,97230
6/11/2023 16:00,38.144717,99894
6/11/2023 17:00,42.479452,101404
6/11/2023 18:00,38.208646,100657
6/11/2023 19:00,32.030263,98432
6/11/2023 20:00,28.7498,96056
6/11/2023 21:00,26.763245,93292
6/11/2023 22:00,19.821251,87886
6/11/2023 23:00,18.324922,81685
6/12/2023 0:00,15.836029,76168
6/12/2023 1:00,15.30186,72763
6/12/2023 2:00,13.267511,70691
6/12/2023 3:00,12.741283,69669
6/12/2023 4:00,13.245613,70249
6/12/2023 5:00,15.64481,73398
6/12/2023 6:00,17.746692,78618
6/12/2023 7:00,20.552057,83451
6/12/2023 8:00,21.240612,86648
6/12/2023 9:00,23.339965,88957
6/12/2023 10:00,23.441755,91047
6/12/2023 11:00,23.788845,92775
6/12/2023 12:00,23.805,94209
6/12/2023 13:00,24.720201,95711
6/12/2023 14:00,24.815013,96568
6/12/2023 15:00,25.197853,97004
6/12/2023 16:00,25.491711,97621
6/12/2023 17:00,26.090457,97873
6/12/2023 18:00,25.239744,96825
6/12/2023 19:00,24.436235,94912
6/12/2023 20:00,23.738192,93027
6/12/2023 21:00,22.508911,90451
6/12/2023 22:00,18.10118,84709
6/12/2023 23:00,15.407259,78499
6/13/2023 0:00,15.249467,73614
6/13/2023 1:00,13.739136,70295
6/13/2023 2:00,12.107379,68239
6/13/2023 3:00,11.403258,67132
6/13/2023 4:00,11.774122,67721
6/13/2023 5:00,13.592737,70568
6/13/2023 6:00,16.16717,75601
6/13/2023 7:00,17.983348,79963
6/13/2023 8:00,18.392991,82571
6/13/2023 9:00,19.549967,84249
6/13/2023 10:00,20.408172,85932
6/13/2023 11:00,21.702695,87473
6/13/2023 12:00,23.20223,89056
6/13/2023 13:00,24.681406,90743
6/13/2023 14:00,25.322313,92218
6/13/2023 15:00,26.776819,93804
6/13/2023 16:00,28.029996,95411
6/13/2023 17:00,30.357473,96513
6/13/2023 18:00,30.572544,95956
6/13/2023 19:00,29.805209,94076
6/13/2023 20:00,28.770135,91985
6/13/2023 21:00,27.155625,89532
6/13/2023 22:00,22.713943,83935
6/13/2023 23:00,18.846256,77894
6/14/2023 0:00,17.115695,72638
6/14/2023 1:00,15.924384,69442
6/14/2023 2:00,14.577853,67486
6/14/2023 3:00,14.064417,66544
6/14/2023 4:00,14.914183,67139
6/14/2023 5:00,18.316459,69943
6/14/2023 6:00,20.846935,74750
6/14/2023 7:00,23.191002,79196
6/14/2023 8:00,24.682683,81946
6/14/2023 9:00,25.796281,83822
6/14/2023 10:00,26.74374,85745
6/14/2023 11:00,27.873645,87467
6/14/2023 12:00,29.734632,89079
6/14/2023 13:00,32.202192,90871
6/14/2023 14:00,32.558032,92313
6/14/2023 15:00,33.524212,93585
6/14/2023 16:00,35.10427,95141
6/14/2023 17:00,37.089026,96084
6/14/2023 18:00,37.117375,95566
6/14/2023 19:00,36.222933,93903
6/14/2023 20:00,34.460464,92135
6/14/2023 21:00,33.181702,90025
6/14/2023 22:00,28.275059,84624
6/14/2023 23:00,23.896639,78565
6/15/2023 0:00,17.353969,74209
6/15/2023 1:00,15.585251,70750
6/15/2023 2:00,14.139005,68665
6/15/2023 3:00,13.169106,67519
6/15/2023 4:00,13.48884,67974
6/15/2023 5:00,15.345834,70707
6/15/2023 6:00,17.713046,75250
6/15/2023 7:00,18.510356,79700
6/15/2023 8:00,18.204955,82808
6/15/2023 9:00,19.578375,85281
6/15/2023 10:00,19.723678,87847
6/15/2023 11:00,23.325274,90624
6/15/2023 12:00,27.126978,93284
6/15/2023 13:00,30.123161,96176
6/15/2023 14:00,30.57991,98628
6/15/2023 15:00,33.66648,100750
6/15/2023 16:00,36.075567,102873
6/15/2023 17:00,39.408799,103933
6/15/2023 18:00,37.55337,103022
6/15/2023 19:00,36.175607,100418
6/15/2023 20:00,30.287345,97785
6/15/2023 21:00,28.297383,94873
6/15/2023 22:00,22.641256,88852
6/15/2023 23:00,19.372452,82080
6/16/2023 0:00,19.099234,75739
6/16/2023 1:00,17.316244,72137
6/16/2023 2:00,14.922646,69786
6/16/2023 3:00,14.252532,68525
6/16/2023 4:00,14.484358,68812
6/16/2023 5:00,16.427944,71415
6/16/2023 6:00,19.77277,75886
6/16/2023 7:00,20.997208,80332
6/16/2023 8:00,23.936166,83547
6/16/2023 9:00,24.56947,86085
6/16/2023 10:00,27.929755,88470
6/16/2023 11:00,28.974565,90694
6/16/2023 12:00,30.158483,92485
6/16/2023 13:00,30.154707,94283
6/16/2023 14:00,30.833761,95382
6/16/2023 15:00,32.767379,95992
6/16/2023 16:00,34.457345,96538
6/16/2023 17:00,34.561044,96269
6/16/2023 18:00,32.176469,94570
6/16/2023 19:00,30.088285,92064
6/16/2023 20:00,28.8336,90031
6/16/2023 21:00,27.45673,87885
6/16/2023 22:00,22.870318,83131
6/16/2023 23:00,18.187066,77444
6/17/2023 0:00,19.083587,71951
6/17/2023 1:00,17.202145,68442
6/17/2023 2:00,16.5365,65988
6/17/2023 3:00,15.346336,64528
6/17/2023 4:00,14.814847,63984
6/17/2023 5:00,14.59694,64576
6/17/2023 6:00,14.325501,65483
6/17/2023 7:00,14.511737,68028
6/17/2023 8:00,16.499912,71663
6/17/2023 9:00,19.137181,75182
6/17/2023 10:00,21.049889,78141
6/17/2023 11:00,22.988205,80755
6/17/2023 12:00,24.539605,83078
6/17/2023 13:00,26.82355,85193
6/17/2023 14:00,29.621558,87265
6/17/2023 15:00,30.588798,89472
6/17/2023 16:00,34.214751,91646
6/17/2023 17:00,37.421677,93074
6/17/2023 18:00,39.837644,92703
6/17/2023 19:00,35.20186,90636
6/17/2023 20:00,30.48311,88297
6/17/2023 21:00,31.704286,86306
6/17/2023 22:00,26.534829,81944
6/17/2023 23:00,21.300839,76628
6/18/2023 0:00,16.038205,71850
6/18/2023 1:00,15.203381,68270
6/18/2023 2:00,14.647322,65794
6/18/2023 3:00,13.319771,64120
6/18/2023 4:00,12.939606,63268
6/18/2023 5:00,12.927706,63150
6/18/2023 6:00,11.61504,63322
6/18/2023 7:00,12.223766,65280
6/18/2023 8:00,14.272798,69088
6/18/2023 9:00,16.856082,73291
6/18/2023 10:00,17.465023,77280
6/18/2023 11:00,19.508293,81283
6/18/2023 12:00,23.510585,85204
6/18/2023 13:00,26.459421,88800
6/18/2023 14:00,29.625838,92128
6/18/2023 15:00,32.519364,95567
6/18/2023 16:00,40.41164,99046
6/18/2023 17:00,41.548492,101331
6/18/2023 18:00,41.802416,101126
6/18/2023 19:00,37.274134,98978
6/18/2023 20:00,30.785935,96166
6/18/2023 21:00,31.446512,93393
6/18/2023 22:00,25.510955,88058
6/18/2023 23:00,20.538506,81646
6/19/2023 0:00,16.859272,77095
6/19/2023 1:00,15.378729,73266
6/19/2023 2:00,14.739065,70826
6/19/2023 3:00,13.640346,69570
6/19/2023 4:00,13.792927,69885
6/19/2023 5:00,14.847793,72615
6/19/2023 6:00,16.138616,77233
6/19/2023 7:00,18.56222,82229
6/19/2023 8:00,20.958252,86838
6/19/2023 9:00,25.134678,91387
6/19/2023 10:00,26.093202,96331
6/19/2023 11:00,29.14384,101385
6/19/2023 12:00,33.95953,106222
6/19/2023 13:00,39.599861,110837
6/19/2023 14:00,42.748974,114368
6/19/2023 15:00,48.536737,117117
6/19/2023 16:00,57.885211,119335
6/19/2023 17:00,57.991703,119965
6/19/2023 18:00,50.556485,118101
6/19/2023 19:00,41.5293,114198
6/19/2023 20:00,35.319873,109941
6/19/2023 21:00,32.571983,105444
6/19/2023 22:00,26.274304,97979
6/19/2023 23:00,23.195531,90001
6/20/2023 0:00,17.102132,82840
6/20/2023 1:00,16.073872,78617
6/20/2023 2:00,14.891162,75729
6/20/2023 3:00,13.439276,74061
6/20/2023 4:00,13.442165,74186
6/20/2023 5:00,15.9207,76710
6/20/2023 6:00,18.244152,81710
6/20/2023 7:00,20.228499,86517
6/20/2023 8:00,23.842782,90342
6/20/2023 9:00,27.080894,93710
6/20/2023 10:00,28.40897,97195
6/20/2023 11:00,28.20932,100724
6/20/2023 12:00,30.154299,104043
6/20/2023 13:00,33.599335,107269
6/20/2023 14:00,34.300458,109524
6/20/2023 15:00,36.686858,111238
6/20/2023 16:00,41.727663,112850
6/20/2023 17:00,43.077664,113277
6/20/2023 18:00,37.771636,111604
6/20/2023 19:00,33.941866,108247
6/20/2023 20:00,31.043689,104895
6/20/2023 21:00,29.858401,100863
6/20/2023 22:00,24.146661,94058
6/20/2023 23:00,19.079702,86737
6/21/2023 0:00,18.228368,80517
6/21/2023 1:00,16.158698,76489
6/21/2023 2:00,14.757955,73833
6/21/2023 3:00,14.013453,72393
6/21/2023 4:00,14.312672,72595
6/21/2023 5:00,15.956255,75278
6/21/2023 6:00,19.512051,80233
6/21/2023 7:00,21.403308,84702
6/21/2023 8:00,23.856299,87901
6/21/2023 9:00,25.577499,90636
6/21/2023 10:00,28.975757,93482
6/21/2023 11:00,29.909419,96205
6/21/2023 12:00,31.052532,98755
6/21/2023 13:00,33.166232,101204
6/21/2023 14:00,34.655983,102854
6/21/2023 15:00,35.455583,104134
6/21/2023 16:00,40.654023,105440
6/21/2023 17:00,40.194775,105837
6/21/2023 18:00,35.603458,104477
6/21/2023 19:00,32.701134,101829
6/21/2023 20:00,30.721478,99113
6/21/2023 21:00,29.929391,95962
6/21/2023 22:00,22.860138,90040
6/21/2023 23:00,19.575276,83367
6/22/2023 0:00,17.026643,77240
6/22/2023 1:00,14.628869,73572
6/22/2023 2:00,13.299801,71153
6/22/2023 3:00,12.757204,69846
6/22/2023 4:00,13.792205,70132
6/22/2023 5:00,15.671096,72834
6/22/2023 6:00,20.007583,77683
6/22/2023 7:00,21.994132,82022
6/22/2023 8:00,23.825355,84945
6/22/2023 9:00,26.851732,87224
6/22/2023 10:00,29.091349,89335
6/22/2023 11:00,29.552902,91288
6/22/2023 12:00,30.375482,92993
6/22/2023 13:00,30.721143,94628
6/22/2023 14:00,31.780211,95786
6/22/2023 15:00,31.947642,96746
6/22/2023 16:00,34.259137,97947
6/22/2023 17:00,35.969109,98584
6/22/2023 18:00,33.340942,97792
6/22/2023 19:00,31.345361,95721
6/22/2023 20:00,31.388582,93893
6/22/2023 21:00,29.941036,91481
6/22/2023 22:00,24.689184,86009
6/22/2023 23:00,19.353868,79808
6/23/2023 0:00,18.104302,75460
6/23/2023 1:00,16.524341,71976
6/23/2023 2:00,14.926062,69753
6/23/2023 3:00,14.53297,68677
6/23/2023 4:00,15.025695,69050
6/23/2023 5:00,17.540207,71621
6/23/2023 6:00,21.444074,75962
6/23/2023 7:00,24.900175,80578
6/23/2023 8:00,26.392531,84280
6/23/2023 9:00,28.930523,87346
6/23/2023 10:00,31.790855,90155
6/23/2023 11:00,32.046112,92978
6/23/2023 12:00,34.099388,95246
6/23/2023 13:00,34.604259,97410
6/23/2023 14:00,36.178675,98932
6/23/2023 15:00,36.473586,100011
6/23/2023 16:00,40.935121,101262
6/23/2023 17:00,43.067957,101435
6/23/2023 18:00,39.790108,99935
6/23/2023 19:00,35.052244,97252
6/23/2023 20:00,33.378041,94871
6/23/2023 21:00,32.020566,92631
6/23/2023 22:00,28.226852,87743
6/23/2023 23:00,22.46877,81537
6/24/2023 0:00,19.505521,79045
6/24/2023 1:00,20.224277,75006
6/24/2023 2:00,16.652604,72163
6/24/2023 3:00,15.023457,70498
6/24/2023 4:00,14.668819,69715
6/24/2023 5:00,14.82309,70085
6/24/2023 6:00,15.057139,70964
6/24/2023 7:00,16.309229,73745
6/24/2023 8:00,18.654996,78411
6/24/2023 9:00,21.691731,83423
6/24/2023 10:00,24.186872,88018
6/24/2023 11:00,27.353519,92263
6/24/2023 12:00,31.92865,95930
6/24/2023 13:00,31.602593,99071
6/24/2023 14:00,35.178068,101769
6/24/2023 15:00,38.017343,103988
6/24/2023 16:00,41.969697,106070
6/24/2023 17:00,42.405864,107091
6/24/2023 18:00,41.799494,106106
6/24/2023 19:00,35.537928,103399
6/24/2023 20:00,33.791311,100310
6/24/2023 21:00,33.079424,97670
6/24/2023 22:00,26.896946,92770
6/24/2023 23:00,21.939873,86663
6/25/2023 0:00,20.898823,82021
6/25/2023 1:00,17.748887,77728
6/25/2023 2:00,17.257572,74653
6/25/2023 3:00,14.68542,72405
6/25/2023 4:00,14.36274,71201
6/25/2023 5:00,14.110996,70781
6/25/2023 6:00,12.598767,70790
6/25/2023 7:00,13.811999,72797
6/25/2023 8:00,17.836329,77428
6/25/2023 9:00,20.929147,82900
6/25/2023 10:00,24.097321,88379
6/25/2023 11:00,28.472846,93651
6/25/2023 12:00,32.534139,98480
6/25/2023 13:00,34.145787,102438
6/25/2023 14:00,36.948043,105391
6/25/2023 15:00,40.818878,107905
6/25/2023 16:00,48.576853,110029
6/25/2023 17:00,53.57381,111041
6/25/2023 18:00,51.122168,109810
6/25/2023 19:00,44.313391,107014
6/25/2023 20:00,38.26016,104096
6/25/2023 21:00,36.242267,100699
6/25/2023 22:00,32.411731,94972
6/25/2023 23:00,24.269129,88347
6/26/2023 0:00,20.082846,85028
6/26/2023 1:00,17.617184,80854
6/26/2023 2:00,14.522671,78150
6/26/2023 3:00,13.609351,76694
6/26/2023 4:00,13.634404,76942
6/26/2023 5:00,15.393349,79719
6/26/2023 6:00,20.279047,84487
6/26/2023 7:00,20.949613,89579
6/26/2023 8:00,22.483511,94101
6/26/2023 9:00,27.006349,98483
6/26/2023 10:00,30.336943,103145
6/26/2023 11:00,31.116566,107552
6/26/2023 12:00,37.254751,111541
6/26/2023 13:00,45.11865,114994
6/26/2023 14:00,51.945942,117038
6/26/2023 15:00,53.77977,117810
6/26/2023 16:00,61.192689,118095
6/26/2023 17:00,61.486055,117339
6/26/2023 18:00,48.830026,114676
6/26/2023 19:00,43.130148,110963
6/26/2023 20:00,34.428499,107371
6/26/2023 21:00,31.100694,103118
6/26/2023 22:00,26.404846,96503
6/26/2023 23:00,21.29558,89331
6/27/2023 0:00,19.687104,83415
6/27/2023 1:00,17.899511,79244
6/27/2023 2:00,15.712058,76461
6/27/2023 3:00,15.221274,74858
6/27/2023 4:00,15.302051,74986
6/27/2023 5:00,18.468745,77615
6/27/2023 6:00,22.273899,82405
6/27/2023 7:00,23.808074,86962
6/27/2023 8:00,26.294223,90356
6/27/2023 9:00,28.344213,93284
6/27/2023 10:00,31.606472,96230
6/27/2023 11:00,33.899517,98959
6/27/2023 12:00,35.99587,101429
6/27/2023 13:00,38.712368,103684
6/27/2023 14:00,40.729957,105081
6/27/2023 15:00,42.536417,106098
6/27/2023 16:00,45.479347,107100
6/27/2023 17:00,47.794832,107230
6/27/2023 18:00,42.58792,105719
6/27/2023 19:00,38.73552,103156
6/27/2023 20:00,34.758382,100466
6/27/2023 21:00,33.994993,97111
6/27/2023 22:00,29.578272,91270
6/27/2023 23:00,23.383552,84672
6/28/2023 0:00,19.79644,80026
6/28/2023 1:00,18.203452,76145
6/28/2023 2:00,15.955209,73575
6/28/2023 3:00,14.981514,72234
6/28/2023 4:00,15.843764,72518
6/28/2023 5:00,17.503767,75213
6/28/2023 6:00,21.950545,79929
6/28/2023 7:00,21.698363,84644
6/28/2023 8:00,23.647138,88366
6/28/2023 9:00,25.297783,91860
6/28/2023 10:00,26.809762,95576
6/28/2023 11:00,29.077744,99128
6/28/2023 12:00,31.663824,102516
6/28/2023 13:00,35.168419,105852
6/28/2023 14:00,37.578344,108393
6/28/2023 15:00,41.329446,110481
6/28/2023 16:00,46.887347,112295
6/28/2023 17:00,52.20106,113030
6/28/2023 18:00,46.338038,111710
6/28/2023 19:00,41.046137,108909
6/28/2023 20:00,35.510204,105545
6/28/2023 21:00,33.453491,101971
6/28/2023 22:00,26.992303,95594
6/28/2023 23:00,24.447338,88361
6/29/2023 0:00,21.153082,81974
6/29/2023 1:00,18.34831,77679
6/29/2023 2:00,16.979689,74781
6/29/2023 3:00,15.85777,73141
6/29/2023 4:00,15.73774,73169
6/29/2023 5:00,17.151957,75577
6/29/2023 6:00,20.851735,79766
6/29/2023 7:00,21.166896,84643
6/29/2023 8:00,22.780977,89291
6/29/2023 9:00,26.756849,93854
6/29/2023 10:00,28.844262,98766
6/29/2023 11:00,34.084204,103867
6/29/2023 12:00,38.523977,108777
6/29/2023 13:00,42.821571,113555
6/29/2023 14:00,48.465845,117402
6/29/2023 15:00,59.356814,120580
6/29/2023 16:00,69.785208,123328
6/29/2023 17:00,74.396983,124630
6/29/2023 18:00,60.276912,123250
6/29/2023 19:00,52.061055,119449
6/29/2023 20:00,42.642127,114942
6/29/2023 21:00,39.036074,110606
6/29/2023 22:00,31.838914,103375
6/29/2023 23:00,29.145589,95253
6/30/2023 0:00,22.420273,87223
6/30/2023 1:00,19.382966,82338
6/30/2023 2:00,17.441482,78951
6/30/2023 3:00,16.187442,76864
6/30/2023 4:00,15.805505,76565
6/30/2023 5:00,17.278153,78611
6/30/2023 6:00,20.949282,82495
6/30/2023 7:00,21.939848,87514
6/30/2023 8:00,25.677604,92944
6/30/2023 9:00,27.961742,98498
6/30/2023 10:00,31.103069,104467
6/30/2023 11:00,34.763077,110188
6/30/2023 12:00,42.417719,115336
6/30/2023 13:00,43.989157,119846
6/30/2023 14:00,52.056366,122991
6/30/2023 15:00,61.982333,124947
6/30/2023 16:00,72.414471,126236
6/30/2023 17:00,70.460635,125898
6/30/2023 18:00,61.161434,123077
6/30/2023 19:00,48.885321,118426
6/30/2023 20:00,40.395002,113807
6/30/2023 21:00,35.900693,109628
6/30/2023 22:00,31.387739,102982
6/30/2023 23:00,28.668894,95297
7/1/2023 0:00,24.203822,88979
7/1/2023 1:00,21.972813,83908
7/1/2023 2:00,20.031778,80170
7/1/2023 3:00,18.525362,77662
7/1/2023 4:00,18.002363,76175
7/1/2023 5:00,17.661822,76060
7/1/2023 6:00,17.114338,76500
7/1/2023 7:00,18.748394,79177
7/1/2023 8:00,23.390842,84447
7/1/2023 9:00,26.318264,90558
7/1/2023 10:00,27.55661,96388
7/1/2023 11:00,31.167927,101787
7/1/2023 12:00,32.674036,106455
7/1/2023 13:00,33.64697,109822
7/1/2023 14:00,34.978836,112237
7/1/2023 15:00,37.872894,114116
7/1/2023 16:00,39.997908,115606
7/1/2023 17:00,44.334415,115857
7/1/2023 18:00,41.269867,114074
7/1/2023 19:00,35.432589,110505
7/1/2023 20:00,33.259046,106869
7/1/2023 21:00,32.605932,103474
7/1/2023 22:00,29.395391,98052
7/1/2023 23:00,25.529052,91585
7/2/2023 0:00,21.742582,86326
7/2/2023 1:00,21.147153,81712
7/2/2023 2:00,19.309558,78272
7/2/2023 3:00,16.753659,75881
7/2/2023 4:00,15.582719,74496
7/2/2023 5:00,15.027723,73902
7/2/2023 6:00,14.915011,73730
7/2/2023 7:00,15.591055,75862
7/2/2023 8:00,20.934764,80710
7/2/2023 9:00,22.362115,86348
7/2/2023 10:00,25.659621,91827
7/2/2023 11:00,28.700544,96919
7/2/2023 12:00,30.331181,101330
7/2/2023 13:00,32.466771,104878
7/2/2023 14:00,34.305387,107560
7/2/2023 15:00,35.714721,109851
7/2/2023 16:00,39.785787,111876
7/2/2023 17:00,42.514129,113237
7/2/2023 18:00,42.054447,112486
7/2/2023 19:00,38.251965,110012
7/2/2023 20:00,34.423087,107200
7/2/2023 21:00,32.146938,103977
7/2/2023 22:00,30.006616,98158
7/2/2023 23:00,26.030403,91578
7/3/2023 0:00,21.976236,87702
7/3/2023 1:00,22.019474,83550
7/3/2023 2:00,18.953568,80873
7/3/2023 3:00,16.443712,79399
7/3/2023 4:00,16.397997,79677
7/3/2023 5:00,19.033409,82514
7/3/2023 6:00,22.547994,87305
7/3/2023 7:00,22.787537,92674
7/3/2023 8:00,26.124039,98073
7/3/2023 9:00,29.009101,103412
7/3/2023 10:00,32.139153,109298
7/3/2023 11:00,34.103198,114897
7/3/2023 12:00,38.352273,120097
7/3/2023 13:00,41.557646,124596
7/3/2023 14:00,47.247273,127435
7/3/2023 15:00,54.973426,128820
7/3/2023 16:00,57.570522,129734
7/3/2023 17:00,66.101553,129636
7/3/2023 18:00,54.815188,127283
7/3/2023 19:00,43.807183,123419
7/3/2023 20:00,38.351954,119252
7/3/2023 21:00,34.911308,114304
7/3/2023 22:00,31.475547,107099
7/3/2023 23:00,28.45356,99102
7/4/2023 0:00,24.660725,89003
7/4/2023 1:00,19.724312,84157
7/4/2023 2:00,19.538607,80504
7/4/2023 3:00,16.267973,77875
7/4/2023 4:00,15.360516,76396
7/4/2023 5:00,15.250671,75894
7/4/2023 6:00,15.543101,75867
7/4/2023 7:00,16.72989,78254
7/4/2023 8:00,20.260373,83741
7/4/2023 9:00,25.118355,90360
7/4/2023 10:00,28.700828,97053
7/4/2023 11:00,32.261646,103402
7/4/2023 12:00,36.989513,109092
7/4/2023 13:00,42.683536,113593
7/4/2023 14:00,45.188104,116929
7/4/2023 15:00,51.689807,119742
7/4/2023 16:00,59.907039,122174
7/4/2023 17:00,65.840407,123572
7/4/2023 18:00,62.097115,122433
7/4/2023 19:00,51.403079,119380
7/4/2023 20:00,41.66029,115832
7/4/2023 21:00,34.141617,111685
7/4/2023 22:00,30.71743,105219
7/4/2023 23:00,28.050735,98008
7/5/2023 0:00,25.200848,92019
7/5/2023 1:00,21.532876,86960
7/5/2023 2:00,19.17708,83313
7/5/2023 3:00,16.240048,81176
7/5/2023 4:00,16.00994,80726
7/5/2023 5:00,18.25906,82806
7/5/2023 6:00,21.876851,86723
7/5/2023 7:00,22.516208,92054
7/5/2023 8:00,26.087847,98271
7/5/2023 9:00,31.087499,104930
7/5/2023 10:00,35.701465,112190
7/5/2023 11:00,41.900444,119143
7/5/2023 12:00,49.919403,125505
7/5/2023 13:00,57.80961,130764
7/5/2023 14:00,59.86756,134288
7/5/2023 15:00,65.970603,136635
7/5/2023 16:00,78.594325,137953
7/5/2023 17:00,81.254924,137748
7/5/2023 18:00,69.52377,135118
7/5/2023 19:00,55.742599,130236
7/5/2023 20:00,45.632209,125237
7/5/2023 21:00,38.253227,120182
7/5/2023 22:00,31.643281,112279
7/5/2023 23:00,30.631013,103638
7/6/2023 0:00,26.433034,97073
7/6/2023 1:00,24.227097,91574
7/6/2023 2:00,20.22244,87540
7/6/2023 3:00,17.19733,85100
7/6/2023 4:00,17.042197,84437
7/6/2023 5:00,18.421204,86440
7/6/2023 6:00,23.689189,90258
7/6/2023 7:00,25.50264,95412
7/6/2023 8:00,27.541332,101237
7/6/2023 9:00,32.320897,107167
7/6/2023 10:00,34.745197,113430
7/6/2023 11:00,39.623707,119202
7/6/2023 12:00,42.223412,124338
7/6/2023 13:00,52.871709,128463
7/6/2023 14:00,54.561394,130641
7/6/2023 15:00,59.466051,131766
7/6/2023 16:00,69.710834,131995
7/6/2023 17:00,67.951356,131177
7/6/2023 18:00,59.200321,128400
7/6/2023 19:00,49.113203,123902
7/6/2023 20:00,41.40598,119546
7/6/2023 21:00,35.370066,115020
7/6/2023 22:00,29.37708,107574
7/6/2023 23:00,28.076114,99593
7/7/2023 0:00,26.727937,92969
7/7/2023 1:00,23.791329,87952
7/7/2023 2:00,20.69921,84278
7/7/2023 3:00,19.002819,82049
7/7/2023 4:00,18.934288,81646
7/7/2023 5:00,21.277313,83644
7/7/2023 6:00,25.334807,87626
7/7/2023 7:00,27.527224,92217
7/7/2023 8:00,29.80033,97325
7/7/2023 9:00,34.09152,102483
7/7/2023 10:00,34.530526,107940
7/7/2023 11:00,40.828677,113059
7/7/2023 12:00,43.623276,117791
7/7/2023 13:00,48.979482,121748
7/7/2023 14:00,55.045556,124347
7/7/2023 15:00,63.715049,125760
7/7/2023 16:00,75.594556,126475
7/7/2023 17:00,73.307921,125756
7/7/2023 18:00,60.698277,122619
7/7/2023 19:00,49.087893,118115
7/7/2023 20:00,41.85401,113901
7/7/2023 21:00,37.084645,109583
7/7/2023 22:00,31.088953,103164
7/7/2023 23:00,28.169933,95810
7/8/2023 0:00,23.973883,89742
7/8/2023 1:00,23.151444,84820
7/8/2023 2:00,20.219699,81171
7/8/2023 3:00,17.976435,78755
7/8/2023 4:00,16.859625,77353
7/8/2023 5:00,16.715922,77311
7/8/2023 6:00,17.603998,77851
7/8/2023 7:00,19.764175,80393
7/8/2023 8:00,23.751278,85567
7/8/2023 9:00,26.415551,91304
7/8/2023 10:00,31.516761,96872
7/8/2023 11:00,35.283094,101806
7/8/2023 12:00,36.757343,105957
7/8/2023 13:00,40.853804,109071
7/8/2023 14:00,43.041595,111302
7/8/2023 15:00,49.566655,112927
7/8/2023 16:00,56.368955,114216
7/8/2023 17:00,62.567822,114158
7/8/2023 18:00,55.529262,112215
7/8/2023 19:00,44.496647,108766
7/8/2023 20:00,38.822316,105372
7/8/2023 21:00,33.51084,101867
7/8/2023 22:00,30.245478,96473
7/8/2023 23:00,25.346155,90200
7/9/2023 0:00,23.36451,86678
7/9/2023 1:00,21.588706,82135
7/9/2023 2:00,18.817186,78733
7/9/2023 3:00,17.573936,76337
7/9/2023 4:00,16.090215,74990
7/9/2023 5:00,15.321021,74407
7/9/2023 6:00,15.317226,74287
7/9/2023 7:00,16.168099,76211
7/9/2023 8:00,22.187324,80685
7/9/2023 9:00,25.710941,85850
7/9/2023 10:00,27.531792,90832
7/9/2023 11:00,31.260097,95326
7/9/2023 12:00,34.643498,99196
7/9/2023 13:00,36.011484,102133
7/9/2023 14:00,35.15353,104112
7/9/2023 15:00,36.19557,105455
7/9/2023 16:00,37.492296,106679
7/9/2023 17:00,39.079763,107332
7/9/2023 18:00,38.092584,106128
7/9/2023 19:00,34.528414,103888
7/9/2023 20:00,33.288425,101588
7/9/2023 21:00,30.732509,98571
7/9/2023 22:00,27.055739,93414
7/9/2023 23:00,22.149476,87456
7/10/2023 0:00,19.841608,81832
7/10/2023 1:00,17.636493,77894
7/10/2023 2:00,15.272348,75373
7/10/2023 3:00,15.032079,74126
7/10/2023 4:00,15.382219,74561
7/10/2023 5:00,16.8781,77329
7/10/2023 6:00,20.490799,81852
7/10/2023 7:00,23.262135,86648
7/10/2023 8:00,25.962619,91013
7/10/2023 9:00,26.806026,95187
7/10/2023 10:00,29.5405,99664
7/10/2023 11:00,31.253912,104093
7/10/2023 12:00,33.483026,108253
7/10/2023 13:00,38.90285,112358
7/10/2023 14:00,41.596064,115464
7/10/2023 15:00,49.824778,117894
7/10/2023 16:00,63.244916,119914
7/10/2023 17:00,71.030904,120829
7/10/2023 18:00,59.924178,119315
7/10/2023 19:00,45.65589,116010
7/10/2023 20:00,37.58819,111976
7/10/2023 21:00,35.369237,107510
7/10/2023 22:00,30.351769,100543
7/10/2023 23:00,27.053717,92950
7/11/2023 0:00,20.53226,86876
7/11/2023 1:00,17.847989,81874
7/11/2023 2:00,15.62382,78417
7/11/2023 3:00,14.13593,76306
7/11/2023 4:00,13.978894,76045
7/11/2023 5:00,14.982003,78209
7/11/2023 6:00,18.398799,82280
7/11/2023 7:00,20.538063,87339
7/11/2023 8:00,24.480773,92703
7/11/2023 9:00,28.625796,98279
7/11/2023 10:00,33.253686,104465
7/11/2023 11:00,37.571612,110648
7/11/2023 12:00,40.917596,116488
7/11/2023 13:00,43.219113,121735
7/11/2023 14:00,48.740185,125672
7/11/2023 15:00,61.911702,128755
7/11/2023 16:00,76.528204,131051
7/11/2023 17:00,83.363301,131894
7/11/2023 18:00,72.86277,129928
7/11/2023 19:00,59.411749,125394
7/11/2023 20:00,43.848093,120267
7/11/2023 21:00,37.807644,114921
7/11/2023 22:00,31.184049,106989
7/11/2023 23:00,27.320841,98474
7/12/2023 0:00,23.154121,90202
7/12/2023 1:00,19.95817,85001
7/12/2023 2:00,17.14208,81247
7/12/2023 3:00,15.570459,79103
7/12/2023 4:00,15.61071,78696
7/12/2023 5:00,17.037536,80843
7/12/2023 6:00,20.462556,84844
7/12/2023 7:00,24.352885,90236
7/12/2023 8:00,26.710475,96002
7/12/2023 9:00,30.36739,102025
7/12/2023 10:00,34.902123,108473
7/12/2023 11:00,40.09842,114774
7/12/2023 12:00,45.328514,120530
7/12/2023 13:00,49.659957,125610
7/12/2023 14:00,56.136472,129339
7/12/2023 15:00,72.844933,132170
7/12/2023 16:00,91.783847,134131
7/12/2023 17:00,94.679441,134617
7/12/2023 18:00,84.102049,132606
7/12/2023 19:00,67.110014,128242
7/12/2023 20:00,49.333813,123227
7/12/2023 21:00,39.49903,118381
7/12/2023 22:00,31.484739,110503
7/12/2023 23:00,27.100558,102043
7/13/2023 0:00,26.165156,95134
7/13/2023 1:00,24.273288,89762
7/13/2023 2:00,20.826697,85818
7/13/2023 3:00,18.742167,83449
7/13/2023 4:00,18.41787,82828
7/13/2023 5:00,22.935296,84740
7/13/2023 6:00,25.958008,88542
7/13/2023 7:00,26.630379,93792
7/13/2023 8:00,29.269118,100059
7/13/2023 9:00,35.613755,106614
7/13/2023 10:00,36.534322,113324
7/13/2023 11:00,42.711169,119639
7/13/2023 12:00,49.859291,125442
7/13/2023 13:00,58.57718,130470
7/13/2023 14:00,66.189232,133984
7/13/2023 15:00,80.316026,136552
7/13/2023 16:00,101.210398,138560
7/13/2023 17:00,107.199943,138772
7/13/2023 18:00,93.048326,136695
7/13/2023 19:00,79.65455,132201
7/13/2023 20:00,55.590777,127073
7/13/2023 21:00,45.04942,121896
7/13/2023 22:00,35.019778,114183
7/13/2023 23:00,32.927836,105796
7/14/2023 0:00,26.300265,95477
7/14/2023 1:00,23.410634,90200
7/14/2023 2:00,19.601705,86330
7/14/2023 3:00,18.09344,83923
7/14/2023 4:00,17.276346,83361
7/14/2023 5:00,19.144128,85093
7/14/2023 6:00,24.467965,88662
7/14/2023 7:00,26.795087,93381
7/14/2023 8:00,30.064649,98700
7/14/2023 9:00,33.169349,104077
7/14/2023 10:00,35.264029,109607
7/14/2023 11:00,41.885654,114692
7/14/2023 12:00,44.961151,119457
7/14/2023 13:00,46.567498,123387
7/14/2023 14:00,51.84666,126138
7/14/2023 15:00,59.83368,127651
7/14/2023 16:00,75.719743,128676
7/14/2023 17:00,77.808479,128488
7/14/2023 18:00,65.667901,126121
7/14/2023 19:00,55.084223,121574
7/14/2023 20:00,45.839439,116993
7/14/2023 21:00,43.223931,112619
7/14/2023 22:00,32.966071,106096
7/14/2023 23:00,29.966083,98491
7/15/2023 0:00,27.926012,92595
7/15/2023 1:00,25.482939,87339
7/15/2023 2:00,21.520843,83506
7/15/2023 3:00,18.959236,80919
7/15/2023 4:00,17.635908,79450
7/15/2023 5:00,17.235679,79188
7/15/2023 6:00,17.41906,79597
7/15/2023 7:00,20.208895,82531
7/15/2023 8:00,24.293577,88247
7/15/2023 9:00,29.077891,94820
7/15/2023 10:00,32.317627,101268
7/15/2023 11:00,35.685114,106979
7/15/2023 12:00,41.611963,111721
7/15/2023 13:00,42.694908,115310
7/15/2023 14:00,45.190368,118012
7/15/2023 15:00,50.1169,120031
7/15/2023 16:00,66.15968,121881
7/15/2023 17:00,72.8562,122561
7/15/2023 18:00,66.792068,120806
7/15/2023 19:00,53.169074,116969
7/15/2023 20:00,44.020402,112654
7/15/2023 21:00,37.77778,108703
7/15/2023 22:00,31.140833,102836
7/15/2023 23:00,28.725766,96048
7/16/2023 0:00,22.717895,91290
7/16/2023 1:00,22.363475,86308
7/16/2023 2:00,19.83481,82538
7/16/2023 3:00,17.284135,79841
7/16/2023 4:00,16.348799,78248
7/16/2023 5:00,16.470639,77432
7/16/2023 6:00,16.03898,77051
7/16/2023 7:00,17.286763,79264
7/16/2023 8:00,21.277899,84630
7/16/2023 9:00,24.074485,91010
7/16/2023 10:00,27.854387,97285
7/16/2023 11:00,31.442047,103132
7/16/2023 12:00,34.071408,108249
7/16/2023 13:00,37.324813,112426
7/16/2023 14:00,41.239827,115738
7/16/2023 15:00,45.222723,118540
7/16/2023 16:00,54.454964,121177
7/16/2023 17:00,64.825383,122972
7/16/2023 18:00,61.407748,122204
7/16/2023 19:00,52.454238,119297
7/16/2023 20:00,42.260372,115468
7/16/2023 21:00,36.161324,111383
7/16/2023 22:00,30.703406,105078
7/16/2023 23:00,27.076921,97953
7/17/2023 0:00,20.290543,90734
7/17/2023 1:00,19.768612,86027
7/17/2023 2:00,16.73675,82799
7/17/2023 3:00,15.526244,80881
7/17/2023 4:00,15.945854,80788
7/17/2023 5:00,17.252792,83197
7/17/2023 6:00,20.665165,87488
7/17/2023 7:00,23.965172,92810
7/17/2023 8:00,28.044887,98915
7/17/2023 9:00,31.692193,105318
7/17/2023 10:00,32.536249,111901
7/17/2023 11:00,38.637546,118012
7/17/2023 12:00,46.651555,123528
7/17/2023 13:00,50.72851,127898
7/17/2023 14:00,55.582441,130551
7/17/2023 15:00,67.629069,132395
7/17/2023 16:00,84.21291,133598
7/17/2023 17:00,90.380232,134024
7/17/2023 18:00,79.837301,131772
7/17/2023 19:00,64.073815,127480
7/17/2023 20:00,49.114446,123100
7/17/2023 21:00,41.194397,117734
7/17/2023 22:00,33.713273,109876
7/17/2023 23:00,28.898991,101671
7/18/2023 0:00,22.106363,91591
7/18/2023 1:00,18.193483,86467
7/18/2023 2:00,15.861202,82993
7/18/2023 3:00,14.573748,80740
7/18/2023 4:00,14.817093,80376
7/18/2023 5:00,17.103777,82592
7/18/2023 6:00,20.81101,86669
7/18/2023 7:00,21.948728,91978
7/18/2023 8:00,23.452614,97451
7/18/2023 9:00,27.439567,102899
7/18/2023 10:00,30.294451,108733
7/18/2023 11:00,35.203046,114272
7/18/2023 12:00,39.491447,119268
7/18/2023 13:00,45.342406,123589
7/18/2023 14:00,51.233334,126473
7/18/2023 15:00,56.965427,128352
7/18/2023 16:00,73.240598,129726
7/18/2023 17:00,77.203976,129856
7/18/2023 18:00,69.202977,127636
7/18/2023 19:00,59.397305,123574
7/18/2023 20:00,44.215175,118768
7/18/2023 21:00,39.060051,113676
7/18/2023 22:00,31.433195,106133
7/18/2023 23:00,27.437179,97947
7/19/2023 0:00,21.555907,91271
7/19/2023 1:00,18.954844,86265
7/19/2023 2:00,16.600617,82791
7/19/2023 3:00,15.52297,80721
7/19/2023 4:00,15.404941,80432
7/19/2023 5:00,16.635088,82654
7/19/2023 6:00,21.778371,86825
7/19/2023 7:00,21.966074,91874
7/19/2023 8:00,25.715248,96961
7/19/2023 9:00,28.440347,102056
7/19/2023 10:00,29.983525,107423
7/19/2023 11:00,34.163351,112534
7/19/2023 12:00,37.619229,117196
7/19/2023 13:00,41.488894,121429
7/19/2023 14:00,43.918891,124475
7/19/2023 15:00,47.337278,126584
7/19/2023 16:00,56.824722,128271
7/19/2023 17:00,62.645228,128955
7/19/2023 18:00,56.096192,127299
7/19/2023 19:00,48.307536,123564
7/19/2023 20:00,40.887936,119013
7/19/2023 21:00,38.830771,114431
7/19/2023 22:00,30.881651,107003
7/19/2023 23:00,27.53712,98886
7/20/2023 0:00,22.436131,90093
7/20/2023 1:00,20.121018,85162
7/20/2023 2:00,17.483017,81827
7/20/2023 3:00,16.082245,79804
7/20/2023 4:00,16.060931,79571
7/20/2023 5:00,18.483438,81931
7/20/2023 6:00,23.103298,86218
7/20/2023 7:00,24.160303,91353
7/20/2023 8:00,28.016877,96812
7/20/2023 9:00,32.533491,102273
7/20/2023 10:00,33.134905,108147
7/20/2023 11:00,37.242687,113891
7/20/2023 12:00,41.713785,119046
7/20/2023 13:00,41.683848,123660
7/20/2023 14:00,44.036618,126809
7/20/2023 15:00,49.562965,129025
7/20/2023 16:00,55.288259,130577
7/20/2023 17:00,55.625992,130868
7/20/2023 18:00,50.583748,128633
7/20/2023 19:00,45.886223,124225
7/20/2023 20:00,41.135791,119437
7/20/2023 21:00,38.234204,114786
7/20/2023 22:00,30.300437,107212
7/20/2023 23:00,26.438262,98979
7/21/2023 0:00,21.999362,92701
7/21/2023 1:00,20.74066,87509
7/21/2023 2:00,17.874969,83934
7/21/2023 3:00,15.752422,81630
7/21/2023 4:00,15.825212,81249
7/21/2023 5:00,18.51552,83231
7/21/2023 6:00,23.030332,87073
7/21/2023 7:00,24.749658,91831
7/21/2023 8:00,26.131601,96707
7/21/2023 9:00,28.624986,101281
7/21/2023 10:00,31.361732,105979
7/21/2023 11:00,32.948576,110319
7/21/2023 12:00,36.070246,114030
7/21/2023 13:00,38.244685,117227
7/21/2023 14:00,39.729511,119482
7/21/2023 15:00,43.132068,120814
7/21/2023 16:00,52.436507,121929
7/21/2023 17:00,54.769898,121957
7/21/2023 18:00,50.643549,119609
7/21/2023 19:00,43.14713,115754
7/21/2023 20:00,38.276898,111528
7/21/2023 21:00,33.020279,107668
7/21/2023 22:00,28.914693,101359
7/21/2023 23:00,26.174318,94171
7/22/2023 0:00,24.800111,86554
7/22/2023 1:00,21.852729,81509
7/22/2023 2:00,20.43307,77793
7/22/2023 3:00,18.456121,75309
7/22/2023 4:00,16.961934,73917
7/22/2023 5:00,16.460834,73766
7/22/2023 6:00,16.750319,74190
7/22/2023 7:00,16.740645,76959
7/22/2023 8:00,20.793728,82002
7/22/2023 9:00,23.712811,87503
7/22/2023 10:00,24.622915,92817
7/22/2023 11:00,29.441574,97513
7/22/2023 12:00,31.062244,101604
7/22/2023 13:00,33.452117,104990
7/22/2023 14:00,34.669213,107923
7/22/2023 15:00,38.308392,110369
7/22/2023 16:00,44.899675,112563
7/22/2023 17:00,49.284614,113505
7/22/2023 18:00,47.471998,112222
7/22/2023 19:00,40.748209,108796
7/22/2023 20:00,34.575605,104733
7/22/2023 21:00,31.465359,101360
7/22/2023 22:00,27.493124,95833
7/22/2023 23:00,25.17577,89271
7/23/2023 0:00,19.36956,83133
7/23/2023 1:00,17.999488,78548
7/23/2023 2:00,15.498514,75260
7/23/2023 3:00,14.020601,72886
7/23/2023 4:00,13.540182,71585
7/23/2023 5:00,13.312118,71098
7/23/2023 6:00,12.308648,70998
7/23/2023 7:00,12.739541,73410
7/23/2023 8:00,17.321883,78607
7/23/2023 9:00,18.196619,84855
7/23/2023 10:00,22.307272,91256
7/23/2023 11:00,28.98534,97612
7/23/2023 12:00,32.363131,103301
7/23/2023 13:00,36.095001,108116
7/23/2023 14:00,39.080176,112035
7/23/2023 15:00,43.070615,115316
7/23/2023 16:00,52.063479,118155
7/23/2023 17:00,59.224377,119740
7/23/2023 18:00,56.980239,118718
7/23/2023 19:00,49.310292,115574
7/23/2023 20:00,38.339598,111468
7/23/2023 21:00,34.872516,107797
7/23/2023 22:00,30.7969,101496
7/23/2023 23:00,26.152652,94303
7/24/2023 0:00,20.516945,87121
7/24/2023 1:00,20.189127,82552
7/24/2023 2:00,15.60204,79577
7/24/2023 3:00,14.820759,77838
7/24/2023 4:00,16.066577,77912
7/24/2023 5:00,18.002832,80496
7/24/2023 6:00,23.501278,84764
7/24/2023 7:00,26.791532,90287
7/24/2023 8:00,30.729117,95805
7/24/2023 9:00,35.253744,101319
7/24/2023 10:00,35.874167,107341
7/24/2023 11:00,41.494459,113103
7/24/2023 12:00,46.699626,118598
7/24/2023 13:00,50.713465,123457
7/24/2023 14:00,54.520844,127223
7/24/2023 15:00,61.7284,129393
7/24/2023 16:00,70.006795,131138
7/24/2023 17:00,75.818893,132213
7/24/2023 18:00,66.605598,130696
7/24/2023 19:00,55.203018,126675
7/24/2023 20:00,47.834344,121372
7/24/2023 21:00,42.591921,116185
7/24/2023 22:00,34.26396,108336
7/24/2023 23:00,27.554,99292
7/25/2023 0:00,22.037873,90775
7/25/2023 1:00,19.387674,85680
7/25/2023 2:00,15.293985,82288
7/25/2023 3:00,13.958944,80077
7/25/2023 4:00,14.766229,79815
7/25/2023 5:00,16.677653,82099
7/25/2023 6:00,21.02391,86472
7/25/2023 7:00,22.951679,92133
7/25/2023 8:00,24.301631,98099
7/25/2023 9:00,29.66652,104107
7/25/2023 10:00,32.950211,110906
7/25/2023 11:00,37.503817,117647
7/25/2023 12:00,43.111042,123749
7/25/2023 13:00,46.396001,128984
7/25/2023 14:00,53.582453,132666
7/25/2023 15:00,61.159031,134884
7/25/2023 16:00,77.481131,136745
7/25/2023 17:00,82.244839,137400
7/25/2023 18:00,71.415601,135320
7/25/2023 19:00,57.055554,130930
7/25/2023 20:00,44.133532,125424
7/25/2023 21:00,37.981786,120032
7/25/2023 22:00,33.473214,112014
7/25/2023 23:00,29.149129,103471
7/26/2023 0:00,22.842669,93779
7/26/2023 1:00,19.258105,88498
7/26/2023 2:00,16.632054,84751
7/26/2023 3:00,15.878197,82504
7/26/2023 4:00,16.283493,82076
7/26/2023 5:00,16.546634,84163
7/26/2023 6:00,19.072792,88317
7/26/2023 7:00,24.057826,93686
7/26/2023 8:00,25.188514,100009
7/26/2023 9:00,29.551966,106939
7/26/2023 10:00,33.556678,114370
7/26/2023 11:00,39.263881,121660
7/26/2023 12:00,44.122575,128406
7/26/2023 13:00,51.211843,133987
7/26/2023 14:00,58.973056,137831
7/26/2023 15:00,69.44935,140514
7/26/2023 16:00,89.742937,143019
7/26/2023 17:00,98.488704,144300
7/26/2023 18:00,88.844599,143187
7/26/2023 19:00,69.744743,138494
7/26/2023 20:00,56.04307,131879
7/26/2023 21:00,43.660344,126830
7/26/2023 22:00,36.091711,118394
7/26/2023 23:00,31.568702,109407
7/27/2023 0:00,28.521055,101978
7/27/2023 1:00,24.893599,96074
7/27/2023 2:00,22.351027,91675
7/27/2023 3:00,20.73831,89037
7/27/2023 4:00,20.869667,88193
7/27/2023 5:00,23.246781,90223
7/27/2023 6:00,25.407579,94237
7/27/2023 7:00,30.708594,100231
7/27/2023 8:00,33.99958,107374
7/27/2023 9:00,40.827149,114978
7/27/2023 10:00,50.446539,123132
7/27/2023 11:00,66.654538,130981
7/27/2023 12:00,85.023866,137671
7/27/2023 13:00,140.879737,143128
7/27/2023 14:00,195.542198,146618
7/27/2023 15:00,235.758948,148793
7/27/2023 16:00,285.034337,150170
7/27/2023 17:00,304.679151,150381
7/27/2023 18:00,288.917449,148267
7/27/2023 19:00,202.366229,143619
7/27/2023 20:00,122.840202,137680
7/27/2023 21:00,81.909419,132047
7/27/2023 22:00,55.619615,123064
7/27/2023 23:00,38.871978,113842
7/28/2023 0:00,32.5744,106017
7/28/2023 1:00,26.51291,100121
7/28/2023 2:00,23.39302,95561
7/28/2023 3:00,19.269869,92684
7/28/2023 4:00,18.919419,91634
7/28/2023 5:00,21.958119,93298
7/28/2023 6:00,25.359786,96702
7/28/2023 7:00,28.255749,102332
7/28/2023 8:00,33.110144,109732
7/28/2023 9:00,38.904112,117750
7/28/2023 10:00,45.260214,126171
7/28/2023 11:00,63.32558,134088
7/28/2023 12:00,80.678511,141036
7/28/2023 13:00,122.778763,146303
7/28/2023 14:00,198.405136,149675
7/28/2023 15:00,273.815935,151251
7/28/2023 16:00,327.254641,152040
7/28/2023 17:00,334.131791,151643
7/28/2023 18:00,284.679307,148904
7/28/2023 19:00,184.643265,143781
7/28/2023 20:00,92.889424,137712
7/28/2023 21:00,72.574734,132071
7/28/2023 22:00,46.571198,123907
7/28/2023 23:00,38.105552,115121
7/29/2023 0:00,31.001097,107513
7/29/2023 1:00,27.148577,101241
7/29/2023 2:00,23.982774,96296
7/29/2023 3:00,22.077612,92881
7/29/2023 4:00,21.828595,90414
7/29/2023 5:00,22.14962,89609
7/29/2023 6:00,21.114826,89414
7/29/2023 7:00,22.246964,92576
7/29/2023 8:00,26.525614,99554
7/29/2023 9:00,29.891476,107877
7/29/2023 10:00,33.003232,115909
7/29/2023 11:00,39.740173,122964
7/29/2023 12:00,45.56232,128297
7/29/2023 13:00,55.361774,131502
7/29/2023 14:00,60.697565,133032
7/29/2023 15:00,68.427002,132989
7/29/2023 16:00,89.436925,132701
7/29/2023 17:00,92.312865,131451
7/29/2023 18:00,79.367007,128401
7/29/2023 19:00,69.279376,123748
7/29/2023 20:00,52.266728,118943
7/29/2023 21:00,40.586586,114383
7/29/2023 22:00,31.817468,108088
7/29/2023 23:00,26.753228,101115
7/30/2023 0:00,23.091838,93651
7/30/2023 1:00,20.896907,88323
7/30/2023 2:00,19.897026,84270
7/30/2023 3:00,17.880238,81375
7/30/2023 4:00,16.823686,79475
7/30/2023 5:00,15.619508,78467
7/30/2023 6:00,15.362501,77870
7/30/2023 7:00,15.509602,79751
7/30/2023 8:00,17.754184,84528
7/30/2023 9:00,21.110618,90092
7/30/2023 10:00,21.593724,95488
7/30/2023 11:00,26.110645,100601
7/30/2023 12:00,28.995351,104951
7/30/2023 13:00,30.812339,108504
7/30/2023 14:00,32.387008,111281
7/30/2023 15:00,34.14618,113550
7/30/2023 16:00,39.341919,115690
7/30/2023 17:00,43.859814,117183
7/30/2023 18:00,42.537499,116149
7/30/2023 19:00,36.815985,113352
7/30/2023 20:00,32.51647,109856
7/30/2023 21:00,32.086052,106148
7/30/2023 22:00,26.90068,99988
7/30/2023 23:00,23.778546,93265
7/31/2023 0:00,18.236177,83420
7/31/2023 1:00,16.724786,79203
7/31/2023 2:00,14.708139,76477
7/31/2023 3:00,14.26291,74987
7/31/2023 4:00,14.602857,75187
7/31/2023 5:00,16.088343,77911
7/31/2023 6:00,20.83869,82411
7/31/2023 7:00,19.609559,87412
7/31/2023 8:00,21.64423,91892
7/31/2023 9:00,23.965592,96062
7/31/2023 10:00,26.473576,100599
7/31/2023 11:00,28.826898,104918
7/31/2023 12:00,31.280644,108951
7/31/2023 13:00,34.882119,112799
7/31/2023 14:00,35.139164,115708
7/31/2023 15:00,39.869136,117619
7/31/2023 16:00,45.497754,119351
7/31/2023 17:00,50.01568,120065
7/31/2023 18:00,44.97683,118477
7/31/2023 19:00,39.934118,115058
7/31/2023 20:00,35.249413,110794
7/31/2023 21:00,33.351725,106403
7/31/2023 22:00,26.76067,99296
7/31/2023 23:00,24.955941,91631
8/1/2023 0:00,21.355324,83886
8/1/2023 1:00,19.921773,79302
8/1/2023 2:00,15.821477,76269
8/1/2023 3:00,15.167987,74443
8/1/2023 4:00,15.792944,74416
8/1/2023 5:00,18.589884,76771
8/1/2023 6:00,21.019096,81134
8/1/2023 7:00,20.90029,85807
8/1/2023 8:00,22.665567,90114
8/1/2023 9:00,25.870754,94064
8/1/2023 10:00,28.380234,98394
8/1/2023 11:00,31.233588,102676
8/1/2023 12:00,35.141594,106764
8/1/2023 13:00,38.562597,110713
8/1/2023 14:00,40.013338,113776
8/1/2023 15:00,45.90881,116255
8/1/2023 16:00,55.750987,118320
8/1/2023 17:00,60.1238,119295
8/1/2023 18:00,52.903143,117787
8/1/2023 19:00,43.875728,114224
8/1/2023 20:00,37.476924,109870
8/1/2023 21:00,34.401293,105359
8/1/2023 22:00,28.681175,98211
8/1/2023 23:00,25.157308,90569
8/2/2023 0:00,17.508094,83608
8/2/2023 1:00,17.236352,78962
8/2/2023 2:00,14.789074,75746
8/2/2023 3:00,13.709104,73918
8/2/2023 4:00,14.377725,73759
8/2/2023 5:00,15.004504,76025
8/2/2023 6:00,17.723191,80157
8/2/2023 7:00,17.685089,84927
8/2/2023 8:00,18.112088,89360
8/2/2023 9:00,21.624212,93585
8/2/2023 10:00,23.606678,98347
8/2/2023 11:00,27.069606,103104
8/2/2023 12:00,29.591597,107686
8/2/2023 13:00,33.347027,112175
8/2/2023 14:00,34.278657,115810
8/2/2023 15:00,38.233295,118793
8/2/2023 16:00,45.776639,121296
8/2/2023 17:00,51.755822,122567
8/2/2023 18:00,44.591357,121135
8/2/2023 19:00,38.149961,117215
8/2/2023 20:00,33.846904,112212
8/2/2023 21:00,32.310215,107778
8/2/2023 22:00,26.71791,100404
8/2/2023 23:00,23.798838,92436
8/3/2023 0:00,19.291425,85694
8/3/2023 1:00,18.474128,81012
8/3/2023 2:00,15.446119,77763
8/3/2023 3:00,14.20413,75907
8/3/2023 4:00,14.43047,75729
8/3/2023 5:00,18.447305,78002
8/3/2023 6:00,20.231231,82048
8/3/2023 7:00,20.102009,86985
8/3/2023 8:00,22.08426,91822
8/3/2023 9:00,25.707358,96574
8/3/2023 10:00,27.827705,101787
8/3/2023 11:00,31.46091,106917
8/3/2023 12:00,35.476639,111769
8/3/2023 13:00,37.627507,116285
8/3/2023 14:00,39.5704,119769
8/3/2023 15:00,45.291071,122478
8/3/2023 16:00,55.757131,124744
8/3/2023 17:00,55.884103,125809
8/3/2023 18:00,50.516596,124223
8/3/2023 19:00,45.509199,120308
8/3/2023 20:00,39.247807,115378
8/3/2023 21:00,36.378731,111053
8/3/2023 22:00,30.437575,103712
8/3/2023 23:00,26.009759,95660
8/4/2023 0:00,21.098536,88606
8/4/2023 1:00,19.069574,83752
8/4/2023 2:00,16.850822,80458
8/4/2023 3:00,15.249096,78495
8/4/2023 4:00,14.922994,78238
8/4/2023 5:00,17.942813,80415
8/4/2023 6:00,21.56594,84529
8/4/2023 7:00,24.000558,89225
8/4/2023 8:00,25.272946,93901
8/4/2023 9:00,27.007872,98393
8/4/2023 10:00,29.551648,103182
8/4/2023 11:00,32.683687,107677
8/4/2023 12:00,35.37815,111692
8/4/2023 13:00,38.406256,115224
8/4/2023 14:00,40.552796,117750
8/4/2023 15:00,46.760259,119196
8/4/2023 16:00,53.7167,120367
8/4/2023 17:00,49.58819,120345
8/4/2023 18:00,44.236897,117967
8/4/2023 19:00,36.474734,114064
8/4/2023 20:00,34.263605,109441
8/4/2023 21:00,30.199952,105535
8/4/2023 22:00,28.386228,99249
8/4/2023 23:00,22.657082,92000
8/5/2023 0:00,22.022688,86437
8/5/2023 1:00,20.51883,81541
8/5/2023 2:00,16.917086,77999
8/5/2023 3:00,16.13835,75716
8/5/2023 4:00,15.497249,74414
8/5/2023 5:00,15.360597,74328
8/5/2023 6:00,16.089213,74814
8/5/2023 7:00,15.670097,77565
8/5/2023 8:00,20.290675,82831
8/5/2023 9:00,22.078985,88838
8/5/2023 10:00,24.654903,94888
8/5/2023 11:00,29.112226,100514
8/5/2023 12:00,29.902487,105550
8/5/2023 13:00,32.597405,109817
8/5/2023 14:00,33.886139,113390
8/5/2023 15:00,37.558988,116250
8/5/2023 16:00,45.42164,118711
8/5/2023 17:00,50.746535,119789
8/5/2023 18:00,44.433878,118207
8/5/2023 19:00,38.083246,114329
8/5/2023 20:00,35.238152,109547
8/5/2023 21:00,31.218976,105802
8/5/2023 22:00,26.248289,99811
8/5/2023 23:00,24.574291,92963
8/6/2023 0:00,20.089007,86142
8/6/2023 1:00,18.558272,81459
8/6/2023 2:00,17.039644,78069
8/6/2023 3:00,14.775981,75660
8/6/2023 4:00,14.323375,74296
8/6/2023 5:00,14.175945,73673
8/6/2023 6:00,13.749517,73493
8/6/2023 7:00,13.331139,75705
8/6/2023 8:00,16.028779,80684
8/6/2023 9:00,20.479757,86623
8/6/2023 10:00,23.660572,92675
8/6/2023 11:00,30.407937,98444
8/6/2023 12:00,33.015962,103633
8/6/2023 13:00,34.915605,108046
8/6/2023 14:00,35.712039,111618
8/6/2023 15:00,40.978999,114567
8/6/2023 16:00,49.38764,117220
8/6/2023 17:00,55.153343,118897
8/6/2023 18:00,50.474413,118013
8/6/2023 19:00,42.528738,115095
8/6/2023 20:00,38.273838,111219
8/6/2023 21:00,34.319544,107428
8/6/2023 22:00,28.001584,101108
8/6/2023 23:00,25.904613,94087
8/7/2023 0:00,23.363558,87880
8/7/2023 1:00,21.615955,83613
8/7/2023 2:00,18.402968,80828
8/7/2023 3:00,16.185319,79294
8/7/2023 4:00,16.717061,79538
8/7/2023 5:00,22.615351,82348
8/7/2023 6:00,26.458772,86978
8/7/2023 7:00,26.452832,92186
8/7/2023 8:00,26.851974,96770
8/7/2023 9:00,28.933441,100994
8/7/2023 10:00,29.852536,105550
8/7/2023 11:00,36.055141,109682
8/7/2023 12:00,39.670775,113590
8/7/2023 13:00,42.860084,117139
8/7/2023 14:00,45.286517,119541
8/7/2023 15:00,53.958994,120863
8/7/2023 16:00,63.120369,121942
8/7/2023 17:00,63.70774,122293
8/7/2023 18:00,56.342494,120585
8/7/2023 19:00,48.214408,117266
8/7/2023 20:00,40.778306,113304
8/7/2023 21:00,35.463595,108980
8/7/2023 22:00,29.020061,101989
8/7/2023 23:00,26.053402,94474
8/8/2023 0:00,21.522881,88255
8/8/2023 1:00,19.046688,83707
8/8/2023 2:00,16.816232,80698
8/8/2023 3:00,15.259601,78855
8/8/2023 4:00,15.366109,78977
8/8/2023 5:00,17.852324,81422
8/8/2023 6:00,21.894055,85894
8/8/2023 7:00,21.669163,90626
8/8/2023 8:00,22.5812,94812
8/8/2023 9:00,23.888042,98668
8/8/2023 10:00,27.68407,102780
8/8/2023 11:00,28.728861,106660
8/8/2023 12:00,30.407347,110325
8/8/2023 13:00,32.45265,113786
8/8/2023 14:00,35.528624,116239
8/8/2023 15:00,39.560386,117944
8/8/2023 16:00,45.173085,119547
8/8/2023 17:00,48.477267,120266
8/8/2023 18:00,45.630583,118837
8/8/2023 19:00,39.403502,115506
8/8/2023 20:00,35.378138,111627
8/8/2023 21:00,33.165207,107436
8/8/2023 22:00,27.583349,100597
8/8/2023 23:00,21.361301,93147
8/9/2023 0:00,20.251816,85811
8/9/2023 1:00,19.246525,81329
8/9/2023 2:00,16.536522,78276
8/9/2023 3:00,15.349549,76481
8/9/2023 4:00,15.252708,76471
8/9/2023 5:00,17.626604,78948
8/9/2023 6:00,20.283349,83366
8/9/2023 7:00,20.598081,88115
8/9/2023 8:00,21.945924,92636
8/9/2023 9:00,25.445347,97040
8/9/2023 10:00,26.556465,101939
8/9/2023 11:00,30.012094,106786
8/9/2023 12:00,33.407238,111518
8/9/2023 13:00,36.027631,115998
8/9/2023 14:00,39.293618,119471
8/9/2023 15:00,45.869467,122082
8/9/2023 16:00,53.345215,124051
8/9/2023 17:00,58.515783,124798
8/9/2023 18:00,55.083192,122895
8/9/2023 19:00,45.004841,118904
8/9/2023 20:00,38.283774,114247
8/9/2023 21:00,34.928972,109585
8/9/2023 22:00,30.155697,102162
8/9/2023 23:00,25.189837,94306
8/10/2023 0:00,24.481083,87588
8/10/2023 1:00,22.605291,82976
8/10/2023 2:00,19.362316,79835
8/10/2023 3:00,17.728455,77949
8/10/2023 4:00,18.837115,77882
8/10/2023 5:00,23.841381,80303
8/10/2023 6:00,27.364316,84752
8/10/2023 7:00,26.237458,89399
8/10/2023 8:00,28.174411,93445
8/10/2023 9:00,30.078987,97094
8/10/2023 10:00,30.637202,100947
8/10/2023 11:00,33.734695,104545
8/10/2023 12:00,35.751965,107889
8/10/2023 13:00,39.11675,111012
8/10/2023 14:00,39.70595,113241
8/10/2023 15:00,41.052418,114542
8/10/2023 16:00,46.948183,115645
8/10/2023 17:00,47.260774,115867
8/10/2023 18:00,48.173561,114244
8/10/2023 19:00,41.355562,111105
8/10/2023 20:00,39.730945,107547
8/10/2023 21:00,37.022901,103875
8/10/2023 22:00,29.615903,97457
8/10/2023 23:00,25.560567,90362
8/11/2023 0:00,21.453087,85205
8/11/2023 1:00,21.034057,80753
8/11/2023 2:00,17.319237,77731
8/11/2023 3:00,16.119613,75904
8/11/2023 4:00,16.527837,75864
8/11/2023 5:00,18.675888,78072
8/11/2023 6:00,22.18563,81967
8/11/2023 7:00,23.07923,86610
8/11/2023 8:00,24.596202,91388
8/11/2023 9:00,29.513412,96040
8/11/2023 10:00,31.94212,101113
8/11/2023 11:00,34.669469,106078
8/11/2023 12:00,35.572076,110801
8/11/2023 13:00,35.950203,115218
8/11/2023 14:00,40.281494,118809
8/11/2023 15:00,45.257253,121353
8/11/2023 16:00,51.782178,123107
8/11/2023 17:00,55.865601,123355
8/11/2023 18:00,50.709343,120932
8/11/2023 19:00,43.148289,116598
8/11/2023 20:00,36.81582,111869
8/11/2023 21:00,33.736235,107846
8/11/2023 22:00,29.369228,101370
8/11/2023 23:00,25.368571,93966
8/12/2023 0:00,23.381575,88590
8/12/2023 1:00,22.706965,83579
8/12/2023 2:00,20.275998,79955
8/12/2023 3:00,17.751284,77554
8/12/2023 4:00,17.139885,76187
8/12/2023 5:00,17.092207,76138
8/12/2023 6:00,17.456958,76638
8/12/2023 7:00,19.829309,79411
8/12/2023 8:00,22.99052,85060
8/12/2023 9:00,26.173781,91694
8/12/2023 10:00,30.803583,98475
8/12/2023 11:00,35.46368,104767
8/12/2023 12:00,41.503096,110451
8/12/2023 13:00,42.992604,115014
8/12/2023 14:00,44.69055,118689
8/12/2023 15:00,53.113364,121327
8/12/2023 16:00,64.228618,123379
8/12/2023 17:00,72.939815,123829
8/12/2023 18:00,68.615085,121730
8/12/2023 19:00,55.37761,117439
8/12/2023 20:00,45.101796,112945
8/12/2023 21:00,39.727999,108933
8/12/2023 22:00,35.927493,102787
8/12/2023 23:00,29.42506,95819
8/13/2023 0:00,25.578157,90179
8/13/2023 1:00,24.66596,85183
8/13/2023 2:00,21.764357,81439
8/13/2023 3:00,19.776416,78690
8/13/2023 4:00,18.856151,77064
8/13/2023 5:00,18.558851,76223
8/13/2023 6:00,17.845342,75762
8/13/2023 7:00,18.653614,77967
8/13/2023 8:00,22.168412,83497
8/13/2023 9:00,24.480413,90227
8/13/2023 10:00,27.54453,97046
8/13/2023 11:00,30.868833,103515
8/13/2023 12:00,35.883076,109378
8/13/2023 13:00,39.741726,114103
8/13/2023 14:00,46.021489,117834
8/13/2023 15:00,55.194905,120691
8/13/2023 16:00,71.145526,123079
8/13/2023 17:00,79.598547,124330
8/13/2023 18:00,72.521305,122994
8/13/2023 19:00,56.253568,119375
8/13/2023 20:00,43.045423,115270
8/13/2023 21:00,36.555199,110990
8/13/2023 22:00,33.175835,104303
8/13/2023 23:00,28.278973,97115
8/14/2023 0:00,24.024348,89835
8/14/2023 1:00,23.152492,85413
8/14/2023 2:00,19.770192,82420
8/14/2023 3:00,18.87474,80665
8/14/2023 4:00,19.082661,80697
8/14/2023 5:00,25.066553,83436
8/14/2023 6:00,30.937195,87946
8/14/2023 7:00,30.690229,92860
8/14/2023 8:00,33.783079,97313
8/14/2023 9:00,35.952467,101506
8/14/2023 10:00,37.687268,106010
8/14/2023 11:00,43.74836,110065
8/14/2023 12:00,46.572609,113869
8/14/2023 13:00,48.58177,117118
8/14/2023 14:00,48.1905,119270
8/14/2023 15:00,52.726344,120231
8/14/2023 16:00,61.261731,121048
8/14/2023 17:00,64.156646,121008
8/14/2023 18:00,57.370762,119002
8/14/2023 19:00,49.697853,115563
8/14/2023 20:00,43.039367,112198
8/14/2023 21:00,36.007455,107883
8/14/2023 22:00,32.452617,100937
8/14/2023 23:00,26.732758,93634
8/15/2023 0:00,24.712022,90725
8/15/2023 1:00,22.55599,86253
8/15/2023 2:00,19.644058,83229
8/15/2023 3:00,18.761957,81409
8/15/2023 4:00,19.512985,81445
8/15/2023 5:00,22.660184,84192
8/15/2023 6:00,27.624895,88974
8/15/2023 7:00,28.299944,93829
8/15/2023 8:00,29.910431,98176
8/15/2023 9:00,34.641789,102274
8/15/2023 10:00,34.000271,106561
8/15/2023 11:00,38.117239,110378
8/15/2023 12:00,42.437581,113699
8/15/2023 13:00,45.638531,116469
8/15/2023 14:00,50.40791,117958
8/15/2023 15:00,58.681293,118587
8/15/2023 16:00,70.180394,118988
8/15/2023 17:00,69.674822,118720
8/15/2023 18:00,61.581984,116693
8/15/2023 19:00,50.801268,113336
8/15/2023 20:00,43.321574,110203
8/15/2023 21:00,36.813718,106141
8/15/2023 22:00,31.534985,99427
8/15/2023 23:00,26.187255,92363
8/16/2023 0:00,21.793425,86491
8/16/2023 1:00,20.697718,82105
8/16/2023 2:00,16.799275,79119
8/16/2023 3:00,15.546635,77415
8/16/2023 4:00,15.135329,77433
8/16/2023 5:00,18.921225,79984
8/16/2023 6:00,22.941935,84384
8/16/2023 7:00,22.627489,88885
8/16/2023 8:00,22.517402,92823
8/16/2023 9:00,23.712059,96446
8/16/2023 10:00,26.532947,100277
8/16/2023 11:00,29.648979,103894
8/16/2023 12:00,33.332438,107505
8/16/2023 13:00,34.350002,111117
8/16/2023 14:00,36.985725,114016
8/16/2023 15:00,42.552722,116332
8/16/2023 16:00,50.645203,118304
8/16/2023 17:00,54.988465,119232
8/16/2023 18:00,49.904074,117651
8/16/2023 19:00,42.228243,114073
8/16/2023 20:00,35.216147,110306
8/16/2023 21:00,31.542351,106060
8/16/2023 22:00,26.626832,99039
8/16/2023 23:00,22.263476,91633
8/17/2023 0:00,19.402699,86564
8/17/2023 1:00,16.951301,82191
8/17/2023 2:00,15.268221,79198
8/17/2023 3:00,13.983962,77447
8/17/2023 4:00,14.188599,77436
8/17/2023 5:00,16.778536,79977
8/17/2023 6:00,21.790101,84258
8/17/2023 7:00,22.326983,88907
8/17/2023 8:00,22.748179,93569
8/17/2023 9:00,24.695156,98095
8/17/2023 10:00,26.831543,102916
8/17/2023 11:00,29.264973,107655
8/17/2023 12:00,33.571929,112176
8/17/2023 13:00,37.874404,116281
8/17/2023 14:00,39.790457,119245
8/17/2023 15:00,48.269636,121292
8/17/2023 16:00,54.65337,122871
8/17/2023 17:00,58.44189,123134
8/17/2023 18:00,51.437093,121014
8/17/2023 19:00,44.58607,116828
8/17/2023 20:00,37.824609,112875
8/17/2023 21:00,33.195959,108475
8/17/2023 22:00,29.237291,101356
8/17/2023 23:00,24.816912,93816
8/18/2023 0:00,20.502056,87950
8/18/2023 1:00,20.233135,83483
8/18/2023 2:00,16.113785,80384
8/18/2023 3:00,15.194926,78534
8/18/2023 4:00,15.731767,78383
8/18/2023 5:00,17.591839,80610
8/18/2023 6:00,20.940285,84600
8/18/2023 7:00,20.873731,89044
8/18/2023 8:00,21.026043,93339
8/18/2023 9:00,22.647435,97310
8/18/2023 10:00,25.30802,101261
8/18/2023 11:00,26.125762,104803
8/18/2023 12:00,29.244406,107959
8/18/2023 13:00,31.431476,110657
8/18/2023 14:00,33.511533,112392
8/18/2023 15:00,36.777375,113126
8/18/2023 16:00,42.669026,113566
8/18/2023 17:00,44.414348,112919
8/18/2023 18:00,39.633298,110075
8/18/2023 19:00,32.719128,106071
8/18/2023 20:00,28.571671,102618
8/18/2023 21:00,26.088412,99070
8/18/2023 22:00,20.587168,93283
8/18/2023 23:00,18.733801,86907
8/19/2023 0:00,14.30091,79777
8/19/2023 1:00,13.417418,75328
8/19/2023 2:00,12.929423,72152
8/19/2023 3:00,11.575003,70078
8/19/2023 4:00,11.392996,69000
8/19/2023 5:00,12.3014,69145
8/19/2023 6:00,11.841047,69689
8/19/2023 7:00,11.486122,71791
8/19/2023 8:00,13.054306,75741
8/19/2023 9:00,14.439071,79909
8/19/2023 10:00,16.077061,83724
8/19/2023 11:00,18.003919,87105
8/19/2023 12:00,20.129195,90208
8/19/2023 13:00,23.963657,93087
8/19/2023 14:00,27.304484,95957
8/19/2023 15:00,29.991504,98749
8/19/2023 16:00,33.966421,101456
8/19/2023 17:00,37.559412,102937
8/19/2023 18:00,38.861306,102090
8/19/2023 19:00,34.61242,99180
8/19/2023 20:00,28.951216,96133
8/19/2023 21:00,25.910753,93306
8/19/2023 22:00,20.218314,88377
8/19/2023 23:00,16.088198,82638
8/20/2023 0:00,12.47436,78011
8/20/2023 1:00,10.132608,74053
8/20/2023 2:00,10.473727,71209
8/20/2023 3:00,10.174312,69234
8/20/2023 4:00,10.260794,68182
8/20/2023 5:00,10.144563,68034
8/20/2023 6:00,9.264354,68086
8/20/2023 7:00,9.629209,70104
8/20/2023 8:00,11.05184,74966
8/20/2023 9:00,13.901603,80911
8/20/2023 10:00,20.098648,87134
8/20/2023 11:00,27.852064,93528
8/20/2023 12:00,32.312872,99900
8/20/2023 13:00,35.636249,105509
8/20/2023 14:00,38.344989,110552
8/20/2023 15:00,45.879524,115057
8/20/2023 16:00,56.416826,119189
8/20/2023 17:00,63.489037,121549
8/20/2023 18:00,59.274889,120742
8/20/2023 19:00,46.436729,117328
8/20/2023 20:00,37.218618,113356
8/20/2023 21:00,33.29152,109352
8/20/2023 22:00,29.613581,102691
8/20/2023 23:00,25.620381,95286
8/21/2023 0:00,20.845059,87885
8/21/2023 1:00,19.588015,83231
8/21/2023 2:00,16.565134,80123
8/21/2023 3:00,14.700069,78238
8/21/2023 4:00,15.013292,78250
8/21/2023 5:00,19.641119,80956
8/21/2023 6:00,22.105391,85497
8/21/2023 7:00,21.753811,90654
8/21/2023 8:00,23.105496,96583
8/21/2023 9:00,29.174886,102952
8/21/2023 10:00,30.22453,110088
8/21/2023 11:00,38.668997,116984
8/21/2023 12:00,45.441019,123669
8/21/2023 13:00,52.657286,129239
8/21/2023 14:00,63.572424,133159
8/21/2023 15:00,76.074724,135637
8/21/2023 16:00,97.362702,137558
8/21/2023 17:00,103.075026,137961
8/21/2023 18:00,83.94218,135784
8/21/2023 19:00,64.996367,130990
8/21/2023 20:00,47.983952,125920
8/21/2023 21:00,38.635012,120174
8/21/2023 22:00,33.397563,111577
8/21/2023 23:00,29.58626,102821
8/22/2023 0:00,22.710248,94265
8/22/2023 1:00,20.850603,88914
8/22/2023 2:00,19.243586,85171
8/22/2023 3:00,16.938313,82694
8/22/2023 4:00,16.898222,82202
8/22/2023 5:00,19.954989,84339
8/22/2023 6:00,23.839671,88731
8/22/2023 7:00,23.143828,93071
8/22/2023 8:00,24.593114,97548
8/22/2023 9:00,26.029355,101932
8/22/2023 10:00,30.044077,106663
8/22/2023 11:00,33.971084,111125
8/22/2023 12:00,38.292111,115451
8/22/2023 13:00,42.376575,119244
8/22/2023 14:00,47.131136,121898
8/22/2023 15:00,52.770804,123689
8/22/2023 16:00,61.958497,125166
8/22/2023 17:00,60.396304,125505
8/22/2023 18:00,55.455234,123641
8/22/2023 19:00,46.353047,119833
8/22/2023 20:00,38.203943,115994
8/22/2023 21:00,33.535201,111162
8/22/2023 22:00,27.858844,103705
8/22/2023 23:00,24.539218,95960
8/23/2023 0:00,21.477725,87699
8/23/2023 1:00,20.047696,83028
8/23/2023 2:00,19.303343,79808
8/23/2023 3:00,16.789956,77901
8/23/2023 4:00,15.975326,77760
8/23/2023 5:00,18.620342,80148
8/23/2023 6:00,22.584738,84627
8/23/2023 7:00,22.779359,88981
8/23/2023 8:00,23.790124,93311
8/23/2023 9:00,28.222243,97764
8/23/2023 10:00,35.538419,102827
8/23/2023 11:00,35.877056,107810
8/23/2023 12:00,40.650263,112788
8/23/2023 13:00,43.804104,117458
8/23/2023 14:00,48.536134,121175
8/23/2023 15:00,53.394111,124103
8/23/2023 16:00,62.745332,126515
8/23/2023 17:00,63.123163,127503
8/23/2023 18:00,60.766836,125946
8/23/2023 19:00,51.639768,122132
8/23/2023 20:00,45.412654,117908
8/23/2023 21:00,37.544013,113169
8/23/2023 22:00,38.591226,105486
8/23/2023 23:00,27.112349,97534
8/24/2023 0:00,23.150465,92120
8/24/2023 1:00,19.65083,87565
8/24/2023 2:00,18.17961,84181
8/24/2023 3:00,16.25619,82226
8/24/2023 4:00,16.251645,82031
8/24/2023 5:00,18.475497,84402
8/24/2023 6:00,23.379141,89039
8/24/2023 7:00,23.51535,93684
8/24/2023 8:00,24.212211,98731
8/24/2023 9:00,27.513733,103799
8/24/2023 10:00,30.643355,109302
8/24/2023 11:00,37.550759,114544
8/24/2023 12:00,42.459084,119206
8/24/2023 13:00,47.883883,123171
8/24/2023 14:00,51.839,125791
8/24/2023 15:00,60.467292,127370
8/24/2023 16:00,67.932497,128657
8/24/2023 17:00,70.024292,129192
8/24/2023 18:00,65.161871,127811
8/24/2023 19:00,54.561965,124289
8/24/2023 20:00,44.954984,120320
8/24/2023 21:00,37.599248,116012
8/24/2023 22:00,30.521568,108411
8/24/2023 23:00,27.373589,100655
8/25/2023 0:00,23.977204,95583
8/25/2023 1:00,22.971927,90561
8/25/2023 2:00,21.845815,86922
8/25/2023 3:00,20.435805,84690
8/25/2023 4:00,20.173099,84174
8/25/2023 5:00,23.873884,86247
8/25/2023 6:00,25.276219,90242
8/25/2023 7:00,27.015253,94495
8/25/2023 8:00,28.926931,99539
8/25/2023 9:00,32.826627,104910
8/25/2023 10:00,33.206119,110532
8/25/2023 11:00,38.345216,115840
8/25/2023 12:00,42.124363,120484
8/25/2023 13:00,44.790552,124434
8/25/2023 14:00,48.357261,127142
8/25/2023 15:00,61.577403,128556
8/25/2023 16:00,72.209476,129735
8/25/2023 17:00,71.900599,129500
8/25/2023 18:00,61.731627,126966
8/25/2023 19:00,54.46822,122454
8/25/2023 20:00,44.830613,118049
8/25/2023 21:00,36.498741,113478
8/25/2023 22:00,32.644822,106494
8/25/2023 23:00,28.711531,99040
8/26/2023 0:00,27.496883,93742
8/26/2023 1:00,23.950104,88650
8/26/2023 2:00,22.666843,84873
8/26/2023 3:00,19.029131,82293
8/26/2023 4:00,17.54547,80777
8/26/2023 5:00,17.561886,80677
8/26/2023 6:00,17.954588,81239
8/26/2023 7:00,18.949311,83333
8/26/2023 8:00,22.066657,88225
8/26/2023 9:00,26.105294,94065
8/26/2023 10:00,27.360537,99756
8/26/2023 11:00,30.829262,104952
8/26/2023 12:00,34.588697,109356
8/26/2023 13:00,36.456417,112903
8/26/2023 14:00,41.378958,115583
8/26/2023 15:00,48.419587,117521
8/26/2023 16:00,57.027954,119034
8/26/2023 17:00,55.730054,119193
8/26/2023 18:00,53.026405,117104
8/26/2023 19:00,44.497966,112922
8/26/2023 20:00,38.488292,109324
8/26/2023 21:00,30.717018,105076
8/26/2023 22:00,25.181419,99105
8/26/2023 23:00,23.878053,92681
8/27/2023 0:00,21.278148,86812
8/27/2023 1:00,20.121014,82237
8/27/2023 2:00,18.965879,78837
8/27/2023 3:00,16.352184,76403
8/27/2023 4:00,15.019848,75044
8/27/2023 5:00,14.498889,74475
8/27/2023 6:00,14.277093,74444
8/27/2023 7:00,15.037758,75856
8/27/2023 8:00,18.275989,79727
8/27/2023 9:00,21.437704,84202
8/27/2023 10:00,24.044063,88440
8/27/2023 11:00,28.292362,92345
8/27/2023 12:00,30.553068,95818
8/27/2023 13:00,31.044339,98848
8/27/2023 14:00,32.523013,101342
8/27/2023 15:00,34.753339,103616
8/27/2023 16:00,37.522906,105729
8/27/2023 17:00,38.69298,107061
8/27/2023 18:00,37.032507,106239
8/27/2023 19:00,33.270169,103800
8/27/2023 20:00,31.086703,101658
8/27/2023 21:00,26.665472,98258
8/27/2023 22:00,22.732298,92532
8/27/2023 23:00,20.088733,86591
8/28/2023 0:00,21.263288,81841
8/28/2023 1:00,18.24378,78135
8/28/2023 2:00,15.473252,75809
8/28/2023 3:00,14.704813,74666
8/28/2023 4:00,15.233683,75187
8/28/2023 5:00,21.073845,78228
8/28/2023 6:00,25.849382,83184
8/28/2023 7:00,25.032399,87672
8/28/2023 8:00,25.216467,91276
8/28/2023 9:00,26.177814,94379
8/28/2023 10:00,28.609807,97593
8/28/2023 11:00,30.137933,100576
8/28/2023 12:00,34.695083,103482
8/28/2023 13:00,36.88818,106383
8/28/2023 14:00,36.48845,108487
8/28/2023 15:00,41.191755,109792
8/28/2023 16:00,45.184529,111096
8/28/2023 17:00,47.04169,111717
8/28/2023 18:00,42.846332,110336
8/28/2023 19:00,38.304154,107406
8/28/2023 20:00,37.049145,104587
8/28/2023 21:00,32.190238,100616
8/28/2023 22:00,26.439235,94035
8/28/2023 23:00,23.965958,87162
8/29/2023 0:00,23.468024,82733
8/29/2023 1:00,20.204057,78769
8/29/2023 2:00,16.121644,76249
8/29/2023 3:00,15.136104,74870
8/29/2023 4:00,15.217234,75238
8/29/2023 5:00,18.284586,78116
8/29/2023 6:00,24.713786,83279
8/29/2023 7:00,24.772352,87614
8/29/2023 8:00,24.82069,91186
8/29/2023 9:00,25.990219,94235
8/29/2023 10:00,27.491362,97657
8/29/2023 11:00,29.39206,100877
8/29/2023 12:00,31.922775,104029
8/29/2023 13:00,35.557268,107399
8/29/2023 14:00,36.999284,109977
8/29/2023 15:00,42.251637,112105
8/29/2023 16:00,44.923367,113982
8/29/2023 17:00,49.117311,114951
8/29/2023 18:00,45.600598,113576
8/29/2023 19:00,39.392938,110244
8/29/2023 20:00,35.747453,107164
8/29/2023 21:00,30.326371,102678
8/29/2023 22:00,26.89524,95859
8/29/2023 23:00,23.728028,88830
8/30/2023 0:00,22.263288,84065
8/30/2023 1:00,20.668966,80134
8/30/2023 2:00,17.626825,77497
8/30/2023 3:00,16.497979,76115
8/30/2023 4:00,16.691649,76415
8/30/2023 5:00,19.122986,79374
8/30/2023 6:00,23.139602,84679
8/30/2023 7:00,23.838209,89051
8/30/2023 8:00,24.14209,92382
8/30/2023 9:00,25.136342,95364
8/30/2023 10:00,25.873299,98531
8/30/2023 11:00,28.408649,101511
8/30/2023 12:00,31.155197,104262
8/30/2023 13:00,32.910333,107138
8/30/2023 14:00,34.083663,109208
8/30/2023 15:00,39.792508,110683
8/30/2023 16:00,43.610006,111794
8/30/2023 17:00,46.700256,112000
8/30/2023 18:00,42.1057,110054
8/30/2023 19:00,34.641499,106915
8/30/2023 20:00,32.287699,104277
8/30/2023 21:00,26.373586,99954
8/30/2023 22:00,21.94302,93344
8/30/2023 23:00,19.146829,86661
8/31/2023 0:00,18.741173,80340
8/31/2023 1:00,17.109564,76465
8/31/2023 2:00,15.020018,73959
8/31/2023 3:00,14.110985,72566
8/31/2023 4:00,14.508235,72773
8/31/2023 5:00,17.717362,75566
8/31/2023 6:00,20.96253,80434
8/31/2023 7:00,19.472901,84239
8/31/2023 8:00,18.956104,86903
8/31/2023 9:00,20.010017,88941
8/31/2023 10:00,20.216334,91011
8/31/2023 11:00,20.720647,92980
8/31/2023 12:00,22.194136,94994
8/31/2023 13:00,24.699721,97372
8/31/2023 14:00,25.090122,99353
8/31/2023 15:00,26.139406,101151
8/31/2023 16:00,27.006261,102943
8/31/2023 17:00,29.20414,103848
8/31/2023 18:00,28.928389,102721
8/31/2023 19:00,25.944831,100238
8/31/2023 20:00,25.535041,97971
8/31/2023 21:00,21.118876,94381
8/31/2023 22:00,18.035516,88369
8/31/2023 23:00,16.475892,82025
9/1/2023 0:00,14.467798,75729
9/1/2023 1:00,13.765008,72112
9/1/2023 2:00,13.070001,69837
9/1/2023 3:00,12.905439,68574
9/1/2023 4:00,13.204648,68851
9/1/2023 5:00,15.189652,71436
9/1/2023 6:00,18.711089,76020
9/1/2023 7:00,16.722883,79833
9/1/2023 8:00,16.802753,82782
9/1/2023 9:00,17.463653,85233
9/1/2023 10:00,18.873704,87945
9/1/2023 11:00,19.715708,90597
9/1/2023 12:00,22.422672,93352
9/1/2023 13:00,25.800782,96569
9/1/2023 14:00,26.176834,99370
9/1/2023 15:00,29.317206,101805
9/1/2023 16:00,33.34341,103842
9/1/2023 17:00,36.106849,104653
9/1/2023 18:00,35.782542,102841
9/1/2023 19:00,28.557884,99635
9/1/2023 20:00,27.770869,96671
9/1/2023 21:00,23.919606,93173
9/1/2023 22:00,20.160374,87711
9/1/2023 23:00,18.041985,81587
9/2/2023 0:00,15.045679,75922
9/2/2023 1:00,14.580102,72099
9/2/2023 2:00,13.187471,69463
9/2/2023 3:00,13.040937,67776
9/2/2023 4:00,12.67954,67110
9/2/2023 5:00,13.173486,67664
9/2/2023 6:00,13.104357,68810
9/2/2023 7:00,12.920324,70906
9/2/2023 8:00,13.277273,74960
9/2/2023 9:00,16.332754,79351
9/2/2023 10:00,18.434186,83711
9/2/2023 11:00,20.248175,87924
9/2/2023 12:00,23.550696,92166
9/2/2023 13:00,28.143795,96424
9/2/2023 14:00,31.806145,100411
9/2/2023 15:00,34.762018,104149
9/2/2023 16:00,38.549609,107380
9/2/2023 17:00,40.126452,109280
9/2/2023 18:00,39.715017,108210
9/2/2023 19:00,32.832733,105056
9/2/2023 20:00,29.130217,101710
9/2/2023 21:00,25.361387,97980
9/2/2023 22:00,21.296295,92373
9/2/2023 23:00,18.305893,86252
9/3/2023 0:00,16.021405,80646
9/3/2023 1:00,14.607909,76475
9/3/2023 2:00,13.810941,73441
9/3/2023 3:00,12.658378,71346
9/3/2023 4:00,12.269317,70177
9/3/2023 5:00,12.306033,69986
9/3/2023 6:00,12.509814,70456
9/3/2023 7:00,12.209565,72168
9/3/2023 8:00,13.518908,77164
9/3/2023 9:00,15.739148,83553
9/3/2023 10:00,20.423532,90383
9/3/2023 11:00,26.9651,97662
9/3/2023 12:00,29.657425,104815
9/3/2023 13:00,34.321237,111326
9/3/2023 14:00,39.726983,117127
9/3/2023 15:00,47.540319,122232
9/3/2023 16:00,59.144079,126435
9/3/2023 17:00,70.287757,128666
9/3/2023 18:00,66.776356,127330
9/3/2023 19:00,55.866818,123320
9/3/2023 20:00,42.721237,119141
9/3/2023 21:00,32.853658,113760
9/3/2023 22:00,30.51295,106244
9/3/2023 23:00,26.300728,98545
9/4/2023 0:00,19.330673,93280
9/4/2023 1:00,19.278693,88172
9/4/2023 2:00,17.220045,84255
9/4/2023 3:00,15.258776,81368
9/4/2023 4:00,14.093905,79680
9/4/2023 5:00,15.389537,79017
9/4/2023 6:00,19.228586,79124
9/4/2023 7:00,16.846709,81096
9/4/2023 8:00,17.851891,87198
9/4/2023 9:00,22.585195,95035
9/4/2023 10:00,27.088058,103434
9/4/2023 11:00,29.894838,111853
9/4/2023 12:00,37.498679,119623
9/4/2023 13:00,43.465409,125960
9/4/2023 14:00,51.606412,131074
9/4/2023 15:00,61.329872,135199
9/4/2023 16:00,77.652784,138348
9/4/2023 17:00,93.222274,139777
9/4/2023 18:00,86.205064,138178
9/4/2023 19:00,72.267283,133755
9/4/2023 20:00,52.17139,129662
9/4/2023 21:00,36.620745,123727
9/4/2023 22:00,30.361674,115575
9/4/2023 23:00,26.614961,107500
9/5/2023 0:00,23.10578,101446
9/5/2023 1:00,20.192615,95926
9/5/2023 2:00,17.942186,91991
9/5/2023 3:00,15.953353,89321
9/5/2023 4:00,16.934097,88686
9/5/2023 5:00,19.150039,91117
9/5/2023 6:00,23.40308,96010
9/5/2023 7:00,22.868033,100730
9/5/2023 8:00,24.080194,106926
9/5/2023 9:00,29.076172,114051
9/5/2023 10:00,32.94943,122117
9/5/2023 11:00,38.00581,129806
9/5/2023 12:00,48.949512,137012
9/5/2023 13:00,57.121332,143068
9/5/2023 14:00,71.793344,147503
9/5/2023 15:00,87.358366,150504
9/5/2023 16:00,105.701817,152035
9/5/2023 17:00,120.371037,151518
9/5/2023 18:00,104.820793,148108
9/5/2023 19:00,79.330356,142342
9/5/2023 20:00,58.51787,137944
9/5/2023 21:00,40.249864,130608
9/5/2023 22:00,31.442581,121333
9/5/2023 23:00,28.444988,112285
9/6/2023 0:00,24.891549,104007
9/6/2023 1:00,21.852115,98404
9/6/2023 2:00,19.301195,94219
9/6/2023 3:00,17.928175,91581
9/6/2023 4:00,18.65473,90744
9/6/2023 5:00,22.106923,93142
9/6/2023 6:00,26.422027,97773
9/6/2023 7:00,26.854188,102314
9/6/2023 8:00,27.739658,108080
9/6/2023 9:00,32.873558,114581
9/6/2023 10:00,36.493458,121621
9/6/2023 11:00,42.298223,128518
9/6/2023 12:00,51.909791,134812
9/6/2023 13:00,63.2518,140032
9/6/2023 14:00,70.640534,143375
9/6/2023 15:00,90.86418,145417
9/6/2023 16:00,113.957019,146399
9/6/2023 17:00,127.817142,146013
9/6/2023 18:00,107.083226,143221
9/6/2023 19:00,85.962179,137761
9/6/2023 20:00,66.630801,133409
9/6/2023 21:00,45.997253,126614
9/6/2023 22:00,35.923872,117674
9/6/2023 23:00,29.770765,109122
9/7/2023 0:00,26.669645,99928
9/7/2023 1:00,24.231318,94714
9/7/2023 2:00,21.936051,90936
9/7/2023 3:00,20.296887,88588
9/7/2023 4:00,19.761782,88060
9/7/2023 5:00,23.784745,90611
9/7/2023 6:00,29.366946,95585
9/7/2023 7:00,28.101564,99992
9/7/2023 8:00,28.232786,104841
9/7/2023 9:00,31.437424,110166
9/7/2023 10:00,35.590096,115940
9/7/2023 11:00,41.385224,121435
9/7/2023 12:00,49.804575,126347
9/7/2023 13:00,64.068576,130473
9/7/2023 14:00,72.775716,133006
9/7/2023 15:00,83.161438,134306
9/7/2023 16:00,99.129059,134729
9/7/2023 17:00,103.81464,133718
9/7/2023 18:00,92.902531,130375
9/7/2023 19:00,72.731536,125571
9/7/2023 20:00,55.051961,121950
9/7/2023 21:00,37.604703,115861
9/7/2023 22:00,32.807409,107846
9/7/2023 23:00,28.139016,100109
9/8/2023 0:00,24.217991,92884
9/8/2023 1:00,22.421774,88385
9/8/2023 2:00,19.110831,85196
9/8/2023 3:00,17.371268,83171
9/8/2023 4:00,18.283652,82929
9/8/2023 5:00,21.720999,85292
9/8/2023 6:00,25.584841,89913
9/8/2023 7:00,25.115317,94051
9/8/2023 8:00,25.179037,98241
9/8/2023 9:00,26.25764,102678
9/8/2023 10:00,29.42432,107453
9/8/2023 11:00,32.864941,112078
9/8/2023 12:00,36.217032,116406
9/8/2023 13:00,46.120894,120011
9/8/2023 14:00,52.509766,122363
9/8/2023 15:00,59.296173,123408
9/8/2023 16:00,70.562004,123665
9/8/2023 17:00,71.65733,122352
9/8/2023 18:00,66.362675,118620
9/8/2023 19:00,51.616285,113851
9/8/2023 20:00,42.700901,110532
9/8/2023 21:00,31.810677,105472
9/8/2023 22:00,26.571146,99082
9/8/2023 23:00,23.118916,92393
9/9/2023 0:00,24.438947,85974
9/9/2023 1:00,23.646671,81628
9/9/2023 2:00,21.405533,78581
9/9/2023 3:00,20.435779,76512
9/9/2023 4:00,19.344112,75475
9/9/2023 5:00,19.738763,75906
9/9/2023 6:00,21.104985,77084
9/9/2023 7:00,23.002733,79125
9/9/2023 8:00,25.57099,83242
9/9/2023 9:00,29.27409,87833
9/9/2023 10:00,31.518699,92037
9/9/2023 11:00,33.939002,95778
9/9/2023 12:00,37.983859,98869
9/9/2023 13:00,42.096708,101353
9/9/2023 14:00,47.328655,103254
9/9/2023 15:00,53.295766,104902
9/9/2023 16:00,61.089849,106242
9/9/2023 17:00,66.798813,106466
9/9/2023 18:00,56.672372,104738
9/9/2023 19:00,48.992501,101562
9/9/2023 20:00,39.537412,99261
9/9/2023 21:00,34.312597,95623
9/9/2023 22:00,30.252502,90502
9/9/2023 23:00,28.145456,84844
9/10/2023 0:00,22.533692,80834
9/10/2023 1:00,20.835729,76993
9/10/2023 2:00,19.909171,74334
9/10/2023 3:00,17.248745,72415
9/10/2023 4:00,17.154084,71478
9/10/2023 5:00,17.178269,71517
9/10/2023 6:00,17.583484,72094
9/10/2023 7:00,18.431755,73618
9/10/2023 8:00,21.049079,77329
9/10/2023 9:00,24.038974,81555
9/10/2023 10:00,25.35158,85449
9/10/2023 11:00,29.055898,89100
9/10/2023 12:00,32.024011,92329
9/10/2023 13:00,34.665043,95027
9/10/2023 14:00,36.919073,97040
9/10/2023 15:00,42.714224,98920
9/10/2023 16:00,48.410438,100732
9/10/2023 17:00,53.507826,101946
9/10/2023 18:00,47.849764,101011
9/10/2023 19:00,44.041135,98791
9/10/2023 20:00,37.385103,97094
9/10/2023 21:00,32.037,93711
9/10/2023 22:00,26.955642,88491
9/10/2023 23:00,24.82995,82996
9/11/2023 0:00,21.513909,78433
9/11/2023 1:00,19.015628,75178
9/11/2023 2:00,16.358152,73299
9/11/2023 3:00,15.75591,72450
9/11/2023 4:00,16.187027,73202
9/11/2023 5:00,21.709845,76491
9/11/2023 6:00,29.683495,81985
9/11/2023 7:00,27.814629,86466
9/11/2023 8:00,25.937767,89855
9/11/2023 9:00,30.955032,92835
9/11/2023 10:00,35.306414,96267
9/11/2023 11:00,38.569669,99700
9/11/2023 12:00,39.318119,103196
9/11/2023 13:00,47.700695,106694
9/11/2023 14:00,52.404869,109265
9/11/2023 15:00,62.391931,111125
9/11/2023 16:00,69.593857,112740
9/11/2023 17:00,77.598432,113452
9/11/2023 18:00,65.293795,111785
9/11/2023 19:00,56.130588,108879
9/11/2023 20:00,47.696238,105985
9/11/2023 21:00,37.494395,101328
9/11/2023 22:00,31.839491,94584
9/11/2023 23:00,28.140345,87815
9/12/2023 0:00,22.136219,81666
9/12/2023 1:00,20.044314,77922
9/12/2023 2:00,16.711623,75562
9/12/2023 3:00,16.100027,74187
9/12/2023 4:00,16.27995,74538
9/12/2023 5:00,21.751858,77462
9/12/2023 6:00,27.448374,83030
9/12/2023 7:00,25.464506,87308
9/12/2023 8:00,25.328478,90556
9/12/2023 9:00,30.328231,93468
9/12/2023 10:00,32.214714,96725
9/12/2023 11:00,34.433344,99828
9/12/2023 12:00,41.344116,102961
9/12/2023 13:00,48.360638,106028
9/12/2023 14:00,48.947743,108131
9/12/2023 15:00,56.325815,109594
9/12/2023 16:00,66.875556,110772
9/12/2023 17:00,70.950353,111066
9/12/2023 18:00,60.411962,109282
9/12/2023 19:00,48.51821,106323
9/12/2023 20:00,39.12879,103661
9/12/2023 21:00,31.612451,99053
9/12/2023 22:00,27.448013,92491
9/12/2023 23:00,23.264089,85963
9/13/2023 0:00,25.019043,80686
9/13/2023 1:00,23.241707,77119
9/13/2023 2:00,21.177664,74817
9/13/2023 3:00,18.815256,73618
9/13/2023 4:00,21.012341,74050
9/13/2023 5:00,25.972546,77136
9/13/2023 6:00,30.998396,82741
9/13/2023 7:00,31.975549,86783
9/13/2023 8:00,31.002117,89267
9/13/2023 9:00,31.410328,91253
9/13/2023 10:00,32.953365,93316
9/13/2023 11:00,33.940634,95204
9/13/2023 12:00,36.75562,97021
9/13/2023 13:00,40.30016,98864
9/13/2023 14:00,40.572476,99978
9/13/2023 15:00,45.586208,100757
9/13/2023 16:00,51.42577,101515
9/13/2023 17:00,53.81357,101881
9/13/2023 18:00,47.481099,100679
9/13/2023 19:00,39.971216,98790
9/13/2023 20:00,33.765141,96943
9/13/2023 21:00,28.018626,93241
9/13/2023 22:00,25.431602,87397
9/13/2023 23:00,22.404557,81534
9/14/2023 0:00,21.317117,77196
9/14/2023 1:00,19.049256,73780
9/14/2023 2:00,16.871828,71703
9/14/2023 3:00,16.115014,70557
9/14/2023 4:00,16.339269,70988
9/14/2023 5:00,21.330782,73893
9/14/2023 6:00,30.585459,79050
9/14/2023 7:00,24.546934,82948
9/14/2023 8:00,24.190851,85297
9/14/2023 9:00,24.814766,87006
9/14/2023 10:00,26.702557,88767
9/14/2023 11:00,26.458214,90542
9/14/2023 12:00,30.062169,92256
9/14/2023 13:00,31.969115,94097
9/14/2023 14:00,33.100856,95518
9/14/2023 15:00,34.735086,96652
9/14/2023 16:00,41.332663,97871
9/14/2023 17:00,44.04804,98439
9/14/2023 18:00,40.503413,97255
9/14/2023 19:00,33.369716,95240
9/14/2023 20:00,30.208905,93518
9/14/2023 21:00,25.402147,90100
9/14/2023 22:00,22.014526,84490
9/14/2023 23:00,19.624786,78809
9/15/2023 0:00,19.69943,73589
9/15/2023 1:00,17.737123,70393
9/15/2023 2:00,15.968062,68448
9/15/2023 3:00,15.392851,67491
9/15/2023 4:00,15.775219,67883
9/15/2023 5:00,21.32276,70649
9/15/2023 6:00,27.948083,75400
9/15/2023 7:00,26.107143,79093
9/15/2023 8:00,25.700212,81418
9/15/2023 9:00,25.691091,83083
9/15/2023 10:00,25.911901,84856
9/15/2023 11:00,26.935425,86538
9/15/2023 12:00,28.429473,88288
9/15/2023 13:00,30.808137,90282
9/15/2023 14:00,32.231105,91944
9/15/2023 15:00,34.358473,93349
9/15/2023 16:00,41.086438,94828
9/15/2023 17:00,49.811981,95449
9/15/2023 18:00,44.987931,93917
9/15/2023 19:00,33.12446,91531
9/15/2023 20:00,31.274959,89576
9/15/2023 21:00,27.321493,86501
9/15/2023 22:00,24.132461,81754
9/15/2023 23:00,20.14509,76487
9/16/2023 0:00,21.786882,71512
9/16/2023 1:00,19.640523,68358
9/16/2023 2:00,17.555243,66326
9/16/2023 3:00,16.843324,65078
9/16/2023 4:00,16.831697,64731
9/16/2023 5:00,17.708619,65538
9/16/2023 6:00,19.469537,67015
9/16/2023 7:00,21.088391,69013
9/16/2023 8:00,21.607871,71867
9/16/2023 9:00,21.165327,74499
9/16/2023 10:00,22.704497,76826
9/16/2023 11:00,24.82776,78853
9/16/2023 12:00,25.961641,80907
9/16/2023 13:00,27.656256,82866
9/16/2023 14:00,30.299473,84800
9/16/2023 15:00,32.327287,86878
9/16/2023 16:00,37.821747,89006
9/16/2023 17:00,43.660282,90489
9/16/2023 18:00,43.529888,89825
9/16/2023 19:00,38.189009,88119
9/16/2023 20:00,32.196581,86487
9/16/2023 21:00,28.543767,83859
9/16/2023 22:00,24.133906,79622
9/16/2023 23:00,21.334513,75026
9/17/2023 0:00,20.308094,69565
9/17/2023 1:00,20.07044,66606
9/17/2023 2:00,18.127746,64692
9/17/2023 3:00,16.266856,63366
9/17/2023 4:00,15.913669,62962
9/17/2023 5:00,16.866868,63369
9/17/2023 6:00,17.4485,64413
9/17/2023 7:00,18.555903,66021
9/17/2023 8:00,19.693483,68883
9/17/2023 9:00,20.365533,71762
9/17/2023 10:00,21.034609,74303
9/17/2023 11:00,23.055929,76564
9/17/2023 12:00,25.034812,78717
9/17/2023 13:00,26.953774,80466
9/17/2023 14:00,28.980009,81926
9/17/2023 15:00,30.273778,83456
9/17/2023 16:00,31.513109,85337
9/17/2023 17:00,35.052927,86974
9/17/2023 18:00,36.109365,86883
9/17/2023 19:00,33.520824,86356
9/17/2023 20:00,31.868324,85513
9/17/2023 21:00,30.260812,82893
9/17/2023 22:00,25.203167,78430
9/17/2023 23:00,22.683171,73709
9/18/2023 0:00,21.48898,70270
9/18/2023 1:00,20.822861,67675
9/18/2023 2:00,16.252325,66235
9/18/2023 3:00,16.239482,65707
9/18/2023 4:00,18.523264,66667
9/18/2023 5:00,23.035972,70023
9/18/2023 6:00,28.987177,75588
9/18/2023 7:00,30.048511,79847
9/18/2023 8:00,27.722572,82317
9/18/2023 9:00,28.00117,83973
9/18/2023 10:00,27.208605,85710
9/18/2023 11:00,26.433014,87269
9/18/2023 12:00,28.903102,88856
9/18/2023 13:00,29.789736,90491
9/18/2023 14:00,29.751584,91669
9/18/2023 15:00,31.013257,92610
9/18/2023 16:00,36.180688,93875
9/18/2023 17:00,46.652686,94904
9/18/2023 18:00,42.294519,94390
9/18/2023 19:00,38.840552,93061
9/18/2023 20:00,33.14247,91641
9/18/2023 21:00,30.044839,88292
9/18/2023 22:00,25.968345,82734
9/18/2023 23:00,21.746724,77182
9/19/2023 0:00,19.514872,72387
9/19/2023 1:00,18.169846,69417
9/19/2023 2:00,15.256839,67691
9/19/2023 3:00,14.741993,66836
9/19/2023 4:00,15.057001,67579
9/19/2023 5:00,20.433744,70679
9/19/2023 6:00,26.735216,76236
9/19/2023 7:00,25.579597,80361
9/19/2023 8:00,22.890213,82362
9/19/2023 9:00,23.110425,83431
9/19/2023 10:00,23.793483,84822
9/19/2023 11:00,24.574013,86165
9/19/2023 12:00,25.85819,87787
9/19/2023 13:00,27.558412,89613
9/19/2023 14:00,27.925412,91169
9/19/2023 15:00,29.16663,92481
9/19/2023 16:00,32.130356,93952
9/19/2023 17:00,41.903793,95053
9/19/2023 18:00,39.499466,94547
9/19/2023 19:00,33.945029,93142
9/19/2023 20:00,30.076389,91563
9/19/2023 21:00,27.150839,88129
9/19/2023 22:00,22.650679,82582
9/19/2023 23:00,20.281015,77086
9/20/2023 0:00,17.423807,72398
9/20/2023 1:00,17.692226,69407
9/20/2023 2:00,14.636663,67660
9/20/2023 3:00,14.070204,66815
9/20/2023 4:00,15.722463,67473
9/20/2023 5:00,20.47221,70546
9/20/2023 6:00,26.806375,75901
9/20/2023 7:00,28.24988,79849
9/20/2023 8:00,25.084682,81914
9/20/2023 9:00,25.890385,83354
9/20/2023 10:00,26.711709,85209
9/20/2023 11:00,29.487969,87274
9/20/2023 12:00,30.889941,89659
9/20/2023 13:00,38.630319,92366
9/20/2023 14:00,36.690375,94665
9/20/2023 15:00,42.758745,96692
9/20/2023 16:00,51.035903,98712
9/20/2023 17:00,60.308701,99940
9/20/2023 18:00,53.472853,98958
9/20/2023 19:00,47.741993,97030
9/20/2023 20:00,38.679541,95097
9/20/2023 21:00,32.39029,91177
9/20/2023 22:00,26.526604,85192
9/20/2023 23:00,23.164804,79209
9/21/2023 0:00,22.035114,74057
9/21/2023 1:00,20.653909,70828
9/21/2023 2:00,16.927446,68873
9/21/2023 3:00,16.153852,67850
9/21/2023 4:00,16.999942,68360
9/21/2023 5:00,22.199925,71366
9/21/2023 6:00,24.142688,76802
9/21/2023 7:00,24.749837,80862
9/21/2023 8:00,23.705507,83118
9/21/2023 9:00,24.612099,84888
9/21/2023 10:00,25.997812,87057
9/21/2023 11:00,28.343808,89372
9/21/2023 12:00,29.750535,91899
9/21/2023 13:00,31.86206,94588
9/21/2023 14:00,34.030805,96852
9/21/2023 15:00,37.60778,98637
9/21/2023 16:00,43.371082,100485
9/21/2023 17:00,52.432101,101371
9/21/2023 18:00,45.401025,100088
9/21/2023 19:00,38.967651,97898
9/21/2023 20:00,34.659281,95773
9/21/2023 21:00,29.839491,91524
9/21/2023 22:00,26.827842,85474
9/21/2023 23:00,21.431255,79480
9/22/2023 0:00,19.841177,74098
9/22/2023 1:00,18.686572,70819
9/22/2023 2:00,15.600882,68869
9/22/2023 3:00,14.713916,67834
9/22/2023 4:00,15.653098,68268
9/22/2023 5:00,19.688186,71099
9/22/2023 6:00,29.692505,76315
9/22/2023 7:00,26.155835,80309
9/22/2023 8:00,25.212156,82804
9/22/2023 9:00,27.101216,84858
9/22/2023 10:00,29.501947,87072
9/22/2023 11:00,29.231468,89237
9/22/2023 12:00,31.155355,91413
9/22/2023 13:00,32.607257,93597
9/22/2023 14:00,33.306205,95154
9/22/2023 15:00,35.158502,96168
9/22/2023 16:00,40.27527,97205
9/22/2023 17:00,44.385924,97294
9/22/2023 18:00,36.836876,95468
9/22/2023 19:00,33.007172,93054
9/22/2023 20:00,29.86311,90999
9/22/2023 21:00,25.523566,87428
9/22/2023 22:00,23.616006,82458
9/22/2023 23:00,20.823852,77067
9/23/2023 0:00,18.479824,71974
9/23/2023 1:00,16.521972,68849
9/23/2023 2:00,14.564671,66742
9/23/2023 3:00,14.224565,65505
9/23/2023 4:00,14.335392,65168
9/23/2023 5:00,14.528642,66022
9/23/2023 6:00,18.522217,67705
9/23/2023 7:00,19.434469,69903
9/23/2023 8:00,21.038168,72829
9/23/2023 9:00,23.792531,75627
9/23/2023 10:00,23.311117,77762
9/23/2023 11:00,22.060545,79256
9/23/2023 12:00,23.326179,80381
9/23/2023 13:00,24.362042,81183
9/23/2023 14:00,26.136049,81887
9/23/2023 15:00,26.588212,82635
9/23/2023 16:00,27.692218,83717
9/23/2023 17:00,30.613178,84584
9/23/2023 18:00,30.781598,84354
9/23/2023 19:00,30.539842,83385
9/23/2023 20:00,26.129774,82505
9/23/2023 21:00,22.249593,80256
9/23/2023 22:00,19.284052,76468
9/23/2023 23:00,17.047691,72293
9/24/2023 0:00,14.478869,68667
9/24/2023 1:00,13.640612,65926
9/24/2023 2:00,12.470915,64200
9/24/2023 3:00,12.158069,63083
9/24/2023 4:00,12.502256,62765
9/24/2023 5:00,12.649836,63327
9/24/2023 6:00,13.955298,64550
9/24/2023 7:00,14.962302,66277
9/24/2023 8:00,18.193568,69108
9/24/2023 9:00,19.894845,72065
9/24/2023 10:00,21.289471,74382
9/24/2023 11:00,21.825694,76388
9/24/2023 12:00,22.295936,78154
9/24/2023 13:00,23.012589,79479
9/24/2023 14:00,24.191785,80525
9/24/2023 15:00,26.401596,81688
9/24/2023 16:00,27.861032,83306
9/24/2023 17:00,33.354604,84816
9/24/2023 18:00,34.216755,85201
9/24/2023 19:00,36.89758,84764
9/24/2023 20:00,27.535491,84319
9/24/2023 21:00,25.728114,81690
9/24/2023 22:00,21.100335,77437
9/24/2023 23:00,20.147776,72983
9/25/2023 0:00,19.195477,70162
9/25/2023 1:00,20.335867,67644
9/25/2023 2:00,15.562899,66220
9/25/2023 3:00,15.600063,65754
9/25/2023 4:00,19.525822,66727
9/25/2023 5:00,25.720331,70123
9/25/2023 6:00,33.587974,75970
9/25/2023 7:00,34.376974,80331
9/25/2023 8:00,30.860284,82704
9/25/2023 9:00,33.994509,84410
9/25/2023 10:00,34.150734,86080
9/25/2023 11:00,35.249172,87454
9/25/2023 12:00,35.523363,88820
9/25/2023 13:00,36.251353,90176
9/25/2023 14:00,36.951252,90954
9/25/2023 15:00,38.691747,91471
9/25/2023 16:00,42.137171,92310
9/25/2023 17:00,50.705677,93047
9/25/2023 18:00,42.90178,92751
9/25/2023 19:00,40.517729,91954
9/25/2023 20:00,37.841892,90743
9/25/2023 21:00,33.01389,87170
9/25/2023 22:00,30.10236,81752
9/25/2023 23:00,22.094779,76401
9/26/2023 0:00,20.711441,72362
9/26/2023 1:00,21.540886,69567
9/26/2023 2:00,18.138807,67868
9/26/2023 3:00,16.898085,67107
9/26/2023 4:00,19.907402,67891
9/26/2023 5:00,23.268849,71162
9/26/2023 6:00,36.469125,77129
9/26/2023 7:00,33.482875,81491
9/26/2023 8:00,31.760074,83521
9/26/2023 9:00,35.2256,84868
9/26/2023 10:00,36.063246,86261
9/26/2023 11:00,35.260197,87414
9/26/2023 12:00,37.132647,88644
9/26/2023 13:00,37.469252,89879
9/26/2023 14:00,37.873817,90541
9/26/2023 15:00,39.286703,91062
9/26/2023 16:00,42.322835,91912
9/26/2023 17:00,46.69056,92590
9/26/2023 18:00,44.703382,92352
9/26/2023 19:00,44.547411,91503
9/26/2023 20:00,37.364019,90464
9/26/2023 21:00,31.071772,86951
9/26/2023 22:00,27.152662,81601
9/26/2023 23:00,22.860357,76345
9/27/2023 0:00,20.54816,71983
9/27/2023 1:00,20.799801,69350
9/27/2023 2:00,18.169436,67759
9/27/2023 3:00,17.506725,67059
9/27/2023 4:00,19.15734,67823
9/27/2023 5:00,23.340468,71014
9/27/2023 6:00,32.576547,76715
9/27/2023 7:00,34.45727,80844
9/27/2023 8:00,31.121888,82702
9/27/2023 9:00,32.841112,83746
9/27/2023 10:00,33.525239,84840
9/27/2023 11:00,33.588962,85631
9/27/2023 12:00,32.949891,86604
9/27/2023 13:00,35.314401,87575
9/27/2023 14:00,33.227923,88122
9/27/2023 15:00,33.982553,88607
9/27/2023 16:00,35.07159,89445
9/27/2023 17:00,37.595604,90371
9/27/2023 18:00,35.565131,90185
9/27/2023 19:00,38.719215,89412
9/27/2023 20:00,33.435599,88665
9/27/2023 21:00,29.351779,85535
9/27/2023 22:00,27.998946,80465
9/27/2023 23:00,22.72003,75473
9/28/2023 0:00,22.460753,71424
9/28/2023 1:00,21.870509,68904
9/28/2023 2:00,21.125653,67362
9/28/2023 3:00,20.389694,66706
9/28/2023 4:00,21.155267,67504
9/28/2023 5:00,26.125908,70691
9/28/2023 6:00,33.646918,76357
9/28/2023 7:00,36.928547,80447
9/28/2023 8:00,35.643324,82195
9/28/2023 9:00,32.207687,83246
9/28/2023 10:00,32.267232,84249
9/28/2023 11:00,33.880597,85066
9/28/2023 12:00,35.028604,85987
9/28/2023 13:00,35.576042,86876
9/28/2023 14:00,35.53793,87350
9/28/2023 15:00,38.624118,87775
9/28/2023 16:00,37.542599,88537
9/28/2023 17:00,39.476052,89314
9/28/2023 18:00,43.055185,89088
9/28/2023 19:00,47.056338,88569
9/28/2023 20:00,39.253145,88074
9/28/2023 21:00,36.347383,85158
9/28/2023 22:00,33.42769,80258
9/28/2023 23:00,28.570897,75262
9/29/2023 0:00,22.011373,71502
9/29/2023 1:00,21.94003,68779
9/29/2023 2:00,20.440255,67149
9/29/2023 3:00,19.576292,66430
9/29/2023 4:00,20.14109,67099
9/29/2023 5:00,25.058987,70053
9/29/2023 6:00,33.510706,75261
9/29/2023 7:00,36.202725,79329
9/29/2023 8:00,36.292679,81630
9/29/2023 9:00,34.532978,83241
9/29/2023 10:00,34.634821,84649
9/29/2023 11:00,34.820335,85752
9/29/2023 12:00,37.005169,86763
9/29/2023 13:00,39.551173,87848
9/29/2023 14:00,39.359492,88527
9/29/2023 15:00,40.258409,88873
9/29/2023 16:00,42.468253,89495
9/29/2023 17:00,43.925219,89734
9/29/2023 18:00,42.541677,88675
9/29/2023 19:00,41.932254,87526
9/29/2023 20:00,36.641795,86341
9/29/2023 21:00,34.235031,83489
9/29/2023 22:00,30.242329,79171
9/29/2023 23:00,25.789807,74351
9/30/2023 0:00,21.065762,70559
9/30/2023 1:00,24.954683,67674
9/30/2023 2:00,18.636378,65747
9/30/2023 3:00,18.596797,64663
9/30/2023 4:00,18.935762,64440
9/30/2023 5:00,19.789828,65414
9/30/2023 6:00,21.505893,67388
9/30/2023 7:00,23.454543,69656
9/30/2023 8:00,23.862846,72347
9/30/2023 9:00,25.657046,74956
9/30/2023 10:00,27.368275,77013
9/30/2023 11:00,29.257059,78573
9/30/2023 12:00,30.393199,79957
9/30/2023 13:00,32.612976,81184
9/30/2023 14:00,35.36614,82298
9/30/2023 15:00,37.364135,83415
9/30/2023 16:00,41.358293,84783
9/30/2023 17:00,46.972086,85792
9/30/2023 18:00,43.303089,85553
9/30/2023 19:00,40.010967,84890
9/30/2023 20:00,34.701571,83760
9/30/2023 21:00,30.068047,81023
9/30/2023 22:00,26.397138,77110
9/30/2023 23:00,23.210434,72849
10/1/2023 0:00,19.348571,69747
10/1/2023 1:00,19.471712,66832
10/1/2023 2:00,15.784052,64947
10/1/2023 3:00,14.643237,63641
10/1/2023 4:00,14.506701,63175
10/1/2023 5:00,15.771602,63661
10/1/2023 6:00,18.241674,64973
10/1/2023 7:00,19.315113,66526
10/1/2023 8:00,19.374487,69311
10/1/2023 9:00,20.836425,72335
10/1/2023 10:00,24.068815,75124
10/1/2023 11:00,25.5794,77944
10/1/2023 12:00,27.962654,80917
10/1/2023 13:00,32.677698,83644
10/1/2023 14:00,37.067992,86152
10/1/2023 15:00,41.006767,88620
10/1/2023 16:00,48.76567,91118
10/1/2023 17:00,63.244198,92925
10/1/2023 18:00,58.720072,92614
10/1/2023 19:00,47.681419,91943
10/1/2023 20:00,37.01857,90404
10/1/2023 21:00,30.276853,86506
10/1/2023 22:00,28.099118,81483
10/1/2023 23:00,23.529298,76392
10/2/2023 0:00,20.312149,72309
10/2/2023 1:00,18.808609,69344
10/2/2023 2:00,15.88817,67664
10/2/2023 3:00,15.482263,66883
10/2/2023 4:00,16.058075,67624
10/2/2023 5:00,21.783965,70925
10/2/2023 6:00,30.890785,76913
10/2/2023 7:00,28.822507,81177
10/2/2023 8:00,28.79834,83829
10/2/2023 9:00,29.771292,86317
10/2/2023 10:00,32.005906,89221
10/2/2023 11:00,35.715852,92277
10/2/2023 12:00,41.89209,95601
10/2/2023 13:00,45.5626,99045
10/2/2023 14:00,50.683813,101723
10/2/2023 15:00,61.19899,103884
10/2/2023 16:00,73.24604,105756
10/2/2023 17:00,86.492729,106605
10/2/2023 18:00,65.89703,105161
10/2/2023 19:00,58.014348,103290
10/2/2023 20:00,40.216728,100471
10/2/2023 21:00,34.072385,95003
10/2/2023 22:00,29.910423,88312
10/2/2023 23:00,25.423946,81875
10/3/2023 0:00,21.415871,76268
